GEOID,2020_eviction,2021_eviction,2022_eviction,2023_eviction,own_occ_rate,corp_own_rate,median_yearbuilt,median_price,median_prslpr,mortgage,median_totrooms,median_bathrooms,median_bedrooms,median_lotsize,median_intersf,median_flip_horizon,median_price_diff,median_price_diff_pch,median_lasqbin,mean_month_horizon,buyer_llc_ind_sum,buyer_bus_ind_sum,buyer_trst_ind_sum,buyer_bnk_ind_sum,buyer_gse_ind_sum,buyer_gov_ind_sum,seller_llc_ind_sum,seller_llp_ind_sum,seller_bus_ind_sum,seller_trst_ind_sum,seller_bnk_ind_sum,seller_gse_ind_sum,seller_gov_ind_sum,flip_ind_sum,buy_side_flip_sum,sell_side_flip_sum,restype_R1F_sum,sum_institutional_investor,sum_large_investor,sum_medium_investor,sum_non_investor,sum_small_investor,sum_non_small_llc_investor,sum_small_llc_investor,count_1.FAM.RES,count_2.FAM.RES,count_3.FAM.RES,count_CONDOMINIUM,count_RES.DEV.LAND,percent_owners,num_sales_transactions,years,pop,male,female,pop_u18,pop_18_64,pop_65o,nhwhi,nhaa,nhna,nhas,nhpi,nhoth,nhmlt,lat,fam,hh,fhh,fhh2,fhh3,fhh4,fhh5,fhh6,fhh7o,nfhh,nfhh1,nfhh2,nfhh3,nfhh4,nfhh5,nfhh6,nfhh7o,acs_year,mhi,mhi_me,o_mhi,o_mhi_me,r_mhi,r_mhi_me,units,units_me,own_units,rent_units,median_rent,median_rent_me,eviction_rate_2020,eviction_rate_2021,eviction_rate_2022,eviction_rate_2023
25017351500,6,7,16,15,0.0,0.0,1920.0,316000.0,0.0,214400.0,3,1,1.0,0.0,1055.0,1183.0,15367.0,8.01,1050.5,11.0,22,6,20,3,1,0,14,0,13,20,5,0,0,19,20,19,18,9,12,8,357,13,373,26,18.0,25.0,26.0,272.0,0.0,39.3,399,2010,2310,1156,1154,299,1694,317,1262,198,5,265,0,72,96,412,435,1104,435,197,107,84,27,10,10,669,472,129,39,17,9,3,0,2007-11,46088,8581,73625,36340,36193,12570,1275,103.0303,423,786,1494.0,243.6364,0.007633587786259542,0.008905852417302799,0.020356234096692113,0.019083969465648856
25017373100,1,6,4,5,0.0,0.0,1910.0,453750.0,142625.0,315600.0,7,2,3.0,7599.0,1700.0,997.5,55850.0,14.41,1700.5,12.0,15,8,14,1,1,0,12,0,8,67,1,0,3,70,73,70,214,16,10,19,627,34,690,16,214.0,145.0,19.0,298.0,3.0,40.4,706,2010,4755,2194,2561,845,3255,655,3793,139,8,500,1,29,108,177,1066,2085,1066,471,262,218,80,18,17,1019,719,213,57,22,3,4,1,2007-11,77575,20060,103478,37193,63813,11158,1933,112.7273,1132,730,1847.0,80.0,0.0013698630136986301,0.00821917808219178,0.005479452054794521,0.00684931506849315
25017373600,2,0,4,0,0.0,0.0,1945.0,537500.0,165000.0,258800.0,6,2,3.0,41502.0,1407.5,1268.5,54250.0,12.53,1450.5,10.0,15,8,49,0,0,0,32,0,13,124,1,0,0,50,53,50,295,17,6,14,659,24,705,15,295.0,19.0,3.0,386.0,4.0,38.2,720,2010,6026,2892,3134,648,4889,489,4747,146,1,599,1,9,142,381,718,988,718,303,156,156,74,20,9,270,191,40,17,12,4,2,4,2007-11,137460,45902,213843,31448,74085,44797,1041,70.30303,696,301,1538.0,521.8182,0.006644518272425249,0.0,0.013289036544850499,0.0
25021400600,4,1,3,2,0.0,1.0,1915.0,480000.0,194500.0,290000.0,5,2,2.0,0.0,1260.0,1121.0,60000.0,13.58,1250.5,12.0,34,10,34,1,1,0,84,0,3,82,5,1,0,87,92,87,201,8,6,27,1176,36,1216,37,201.0,23.0,13.0,977.0,1.0,36.6,1253,2010,5177,2381,2796,961,3615,601,4020,109,5,691,0,16,119,217,1153,2116,1153,517,271,255,81,26,3,963,617,207,72,50,15,2,0,2007-11,138506,37597,162422,16057,55341,27027,2456,218.1818,1538,918,2726.0,221.2121,0.004357298474945534,0.0010893246187363835,0.0032679738562091504,0.002178649237472767
25025000201,3,9,10,7,0.380901287553648,0.1695278969957081,1920.0,371500.0,0.0,296595.0,7,2,3.0,3671.0,1795.0,1176.5,39750.0,12.43,1850.5,14.0,5,3,5,5,0,0,3,0,7,32,8,0,1,18,20,18,78,11,8,14,300,15,338,10,78.0,102.0,22.0,128.0,0.0,48.0,348,2010,3854,1904,1950,439,3151,264,2728,244,5,322,2,70,76,407,571,1541,571,270,133,109,32,12,15,970,375,299,191,73,26,5,1,2007-11,64792,8084,86765,38872,62480,6015,1842,183.6364,549,1256,2296.0,67.27273,0.0023885350318471337,0.007165605095541401,0.007961783439490446,0.005573248407643312
25025000202,7,2,4,16,0.4768460575719649,0.1714643304130162,1920.0,430000.0,0.0,296900.0,7,2,3.5,4250.0,1909.5,1040.0,41298.0,12.515,1950.5,9.0,10,5,10,3,1,0,5,0,6,33,9,1,0,19,19,19,71,12,7,10,236,9,260,14,71.0,84.0,11.0,86.0,0.0,47.1,274,2010,3885,1962,1923,656,2889,340,2370,273,12,525,0,50,59,596,711,1480,711,259,185,149,80,19,19,769,361,205,104,62,27,7,3,2007-11,53542,8119,63679,27654,48333,15442,1524,106.6667,428,1076,1882.0,134.5455,0.006505576208178439,0.0018587360594795538,0.0037174721189591076,0.01486988847583643
25025000301,0,2,6,2,0.4175050301810865,0.1720321931589537,1950.0,350700.0,0.0,261675.0,5,1,3.0,1390.0,1180.0,1093.0,30000.0,11.97,1250.5,13.0,8,3,10,2,1,0,60,0,7,46,3,1,0,21,21,21,53,4,5,17,297,23,337,9,53.0,58.0,14.0,206.0,3.0,41.3,346,2010,2740,1395,1345,273,2136,331,2050,124,0,295,0,24,57,190,463,1159,463,226,117,81,27,9,3,696,333,200,109,43,9,1,1,2007-11,89236,7378,88056,14554,93194,12816,1227,104.2424,404,746,2304.0,75.15151,0.0,0.002680965147453083,0.00804289544235925,0.002680965147453083
25025000302,2,0,2,2,0.4614670380687093,0.1132776230269266,1963.0,305500.0,117000.0,224625.0,5,2,3.0,1055.0,1053.0,1310.5,37500.0,13.01,1050.5,12.0,4,2,13,2,1,0,14,0,9,36,3,1,0,32,33,32,92,7,9,13,462,14,499,6,92.0,61.0,3.0,344.0,0.0,42.6,505,2010,3142,1568,1574,310,2497,335,2295,89,2,449,0,30,48,229,545,1276,545,289,135,85,28,7,1,731,321,215,150,29,12,3,1,2007-11,78198,15566,71569,8300,85455,25744,1428,143.6364,629,719,2276.0,53.93939,0.0027816411682892906,0.0,0.0027816411682892906,0.0027816411682892906
25025000401,1,6,8,4,0.2574484339190221,0.1764705882352941,1930.0,223950.0,86500.0,161375.0,4,1,2.0,760.0,760.0,966.5,33000.0,17.345,750.5,13.0,18,8,15,8,3,0,78,0,32,108,16,3,0,124,127,124,31,35,11,40,879,63,1004,24,31.0,77.0,21.0,881.0,0.0,35.2,1028,2010,5672,2732,2940,404,4087,1181,4089,132,2,1032,1,30,99,287,834,2877,834,520,162,75,37,19,21,2043,1250,463,186,98,31,9,6,2007-11,35104,11614,51563,25692,29583,11430,3040,267.2727,310,2548,1533.0,127.2727,0.0003924646781789639,0.002354788069073783,0.0031397174254317113,0.0015698587127158557
25025000402,4,1,3,1,0.3607532210109019,0.1605550049554014,1925.0,345000.0,16500.0,210650.0,4,1,2.0,1214.0,1166.0,1080.5,29477.0,13.42,1150.5,13.0,18,9,25,0,4,0,73,0,11,53,0,4,0,37,41,37,59,17,16,12,441,22,490,18,59.0,82.0,10.0,324.0,0.0,42.5,508,2010,3648,1902,1746,366,3024,258,2734,69,0,543,2,28,83,189,473,1461,473,250,91,60,31,18,23,988,439,278,133,92,24,8,14,2007-11,55459,7477,116667,34493,46800,8585,1524,114.5455,472,961,1969.0,86.66666,0.004162330905306972,0.001040582726326743,0.003121748178980229,0.001040582726326743
25025000502,4,0,21,6,0.2098092643051771,0.3260672116257947,1927.0,252375.0,90000.0,164000.0,4,1,2.0,760.0,760.0,1094.0,32000.0,14.515,750.5,12.0,16,2,20,3,1,0,131,0,3,29,6,1,0,60,62,60,3,10,14,19,622,29,676,18,3.0,7.0,7.0,665.0,0.0,35.0,694,2010,6303,2888,3415,85,5925,293,4719,268,6,704,2,16,142,446,391,1872,391,306,65,12,4,1,3,1481,998,343,83,37,10,3,7,2007-11,46205,9882,96648,16052,39342,18186,1748,86.66666,256,1364,1768.0,35.15152,0.002932551319648094,0.0,0.015395894428152493,0.004398826979472141
25025000503,1,2,3,3,0.2317210348706411,0.1327334083239595,1935.0,211750.0,105700.0,160000.0,3,1,1.0,638.0,637.0,1102.0,27500.0,15.26,650.5,14.0,5,4,12,2,2,0,9,0,5,27,3,2,1,57,59,57,1,8,8,10,539,25,583,7,1.0,2.0,2.0,581.0,0.0,25.6,590,2010,2211,1028,1183,54,2016,141,1739,55,2,264,0,11,44,96,246,1341,246,181,50,12,2,1,0,1095,667,347,60,18,1,1,1,2007-11,49531,24007,49688,30677,47337,30538,1278,76.9697,190,966,1832.0,47.87879,0.0010351966873706005,0.002070393374741201,0.003105590062111801,0.003105590062111801
25025000601,4,4,7,3,0.3583509513742072,0.1849894291754757,1922.0,335000.0,21300.0,228480.0,4,2,2.0,1221.0,1147.0,924.0,45500.0,16.255,1150.5,12.0,10,2,14,5,3,0,12,1,6,74,8,2,0,39,41,39,79,15,9,24,385,26,446,13,79.0,54.0,21.0,275.0,0.0,39.2,459,2010,3571,1842,1729,295,2846,430,2480,82,2,540,0,94,85,288,521,1450,521,259,134,79,24,13,12,929,438,250,132,69,27,10,3,2007-11,54635,4989,60833,23810,54386,4966,1424,66.06061,446,920,2052.0,84.24242,0.004347826086956522,0.004347826086956522,0.007608695652173913,0.003260869565217391
25025000701,4,18,22,10,0.2099712368168744,0.186960690316395,1964.0,251500.0,110625.0,179950.0,4,1,2.0,770.0,770.0,1152.5,35861.0,14.805,750.5,14.0,16,3,22,2,3,0,14,0,5,44,5,3,0,58,58,58,6,19,11,30,547,21,610,18,6.0,17.0,9.0,583.0,0.0,33.0,628,2010,4446,2238,2208,172,4106,168,3050,179,4,728,4,42,106,333,474,2294,474,315,95,37,19,5,3,1820,876,664,188,57,24,9,2,2007-11,51354,10444,100513,33654,45947,8795,2270,152.7273,320,1843,1800.0,43.63636,0.002170374389582203,0.009766684753119913,0.011937059142702116,0.005425935973955507
25025000703,9,10,4,14,0.1030534351145038,0.3091603053435114,1920.0,269600.0,115000.0,185600.0,4,1,2.0,1034.0,1034.0,1079.0,25500.0,10.37,1050.5,12.0,13,3,3,2,0,0,5,0,5,12,2,0,0,13,13,13,3,2,4,9,122,14,137,14,3.0,7.0,13.0,109.0,0.0,42.4,151,2010,2791,1391,1400,58,2690,43,1708,85,3,662,1,57,93,182,157,1395,157,94,33,18,8,2,2,1238,644,364,145,60,16,2,7,2007-11,20129,4575,78511,3228,19068,7109,1092,60.60606,47,926,1787.0,24.84848,0.009719222462203024,0.01079913606911447,0.004319654427645789,0.01511879049676026
25025000704,17,25,29,28,0.1619718309859155,0.2288732394366197,1920.0,232000.0,120904.0,159849.0,4,1,2.0,796.0,795.0,1021.0,32000.0,13.03,750.5,12.0,23,9,29,4,5,0,45,0,17,83,12,3,1,94,94,94,6,31,17,28,685,37,774,24,6.0,15.0,8.0,742.0,0.0,33.6,798,2010,4801,2458,2343,243,4393,165,2873,288,3,874,4,73,111,575,512,2350,512,286,118,59,25,16,8,1838,943,543,176,118,36,14,8,2007-11,44774,4743,80106,14894,42019,7297,2178,105.4545,223,1828,1892.0,60.0,0.009299781181619256,0.013676148796498906,0.01586433260393873,0.015317286652078774
25025010103,1,1,0,1,0.0,0.2741935483870967,949.5,161000.0,0.0,393750.0,0,0,0.0,6883.5,1380.0,,,,1400.5,,0,1,0,0,0,0,0,0,0,1,0,0,1,0,0,0,0,0,0,0,2,0,2,0,,,,,,100.0,2,2010,4569,1818,2751,19,4524,26,2574,130,4,1328,0,21,165,347,50,490,50,44,3,2,1,0,0,440,313,100,11,16,0,0,0,2007-11,14953,14486,76618,80999,14009,8624,486,47.27273,36,376,1836.0,45.45454,0.0026595744680851063,0.0026595744680851063,0.0,0.0026595744680851063
25025010104,3,6,9,4,0.1620553359683794,0.2738565782044043,1900.0,373925.0,175000.0,232250.0,3,1,1.0,733.5,732.5,1116.0,57250.0,18.395,750.5,15.0,31,5,34,1,0,0,132,0,42,61,4,0,0,91,92,91,0,11,14,32,862,51,939,31,0.0,1.0,0.0,940.0,0.0,32.2,970,2010,4804,2207,2597,103,4355,346,3140,128,8,967,0,14,138,409,381,1916,381,296,59,20,5,0,1,1535,1148,308,59,15,4,0,1,2007-11,29818,11467,101893,49203,20542,9314,1878,109.697,368,1335,2089.0,88.48485,0.0022471910112359553,0.0044943820224719105,0.006741573033707865,0.00299625468164794
25025010204,5,5,4,11,0.1762048192771084,0.2936746987951807,1920.0,374000.0,74000.0,200000.0,4,1,2.0,890.0,932.0,1077.5,49000.0,19.045,950.5,15.0,21,5,8,0,1,0,88,0,3,25,2,0,0,33,34,33,1,11,11,14,298,17,330,21,1.0,0.0,0.0,328.0,0.0,37.9,351,2010,3173,1449,1724,31,3100,42,2134,90,3,669,0,7,92,178,115,1188,115,79,26,10,0,0,0,1073,608,319,109,28,6,3,0,2007-11,31389,4981,54054,69503,30000,12250,1171,80.60606,124,913,2008.0,99.39394,0.00547645125958379,0.00547645125958379,0.004381161007667032,0.012048192771084338
25025010300,4,0,0,8,0.1164658634538152,0.1606425702811245,1915.0,218000.0,85000.0,153400.0,2,1,1.0,503.0,503.0,1000.5,38125.0,20.745,550.5,16.0,2,2,4,1,1,0,4,0,0,13,1,1,0,24,25,24,0,4,3,3,149,7,164,2,0.0,0.0,1.0,161.0,0.0,31.9,166,2010,4861,1657,3204,134,4676,51,3381,377,3,477,4,19,143,457,114,395,114,44,48,15,6,1,0,281,220,43,10,8,0,0,0,2007-11,27438,11898,76875,157446,25625,23803,273,36.9697,30,233,1907.0,113.3333,0.017167381974248927,0.0,0.0,0.034334763948497854
25025010403,16,3,7,44,0.194059405940594,0.2415841584158415,2002.0,280000.0,0.0,200000.0,3,1,1.0,489.0,479.0,1029.0,25600.0,8.21,450.5,13.0,14,2,7,1,0,0,155,0,5,14,1,0,0,27,29,27,0,7,10,15,282,23,323,14,0.0,0.0,1.0,311.0,0.0,31.5,337,2010,3003,1577,1426,105,2540,358,1686,295,10,628,0,10,81,293,311,2025,311,251,37,17,5,0,1,1714,1277,334,75,23,3,2,0,2007-11,16786,7373,61442,80435,16218,6304,2007,133.3333,82,1618,1780.0,175.7576,0.009888751545117428,0.001854140914709518,0.004326328800988875,0.027194066749072928
25025010404,2,0,1,14,0.1235370611183355,0.2613784135240572,1899.0,335000.0,193000.0,221600.0,4,1,2.0,825.0,825.0,1115.0,70500.0,22.26,850.5,12.0,20,0,16,0,0,0,14,0,4,27,2,0,0,76,79,76,8,13,5,25,516,18,557,20,8.0,0.0,1.0,546.0,0.0,28.8,577,2010,5817,2739,3078,84,5632,101,4068,259,4,936,4,23,137,386,194,1810,194,141,35,8,5,5,0,1616,673,610,208,92,21,9,3,2007-11,16735,13735,66058,28515,15599,6375,1489,112.7273,164,1036,1922.0,93.93939,0.0019305019305019305,0.0,0.0009652509652509653,0.013513513513513514
25025010405,5,5,6,25,0.0930787589498806,0.3532219570405728,1920.0,275000.0,139000.0,183475.0,4,1,1.0,638.0,638.0,918.5,56000.0,25.905,650.5,13.0,7,1,6,0,0,0,6,0,2,3,1,0,0,31,32,31,0,6,4,13,162,3,181,7,0.0,0.0,0.0,174.0,0.0,21.8,188,2010,5522,2703,2819,120,5092,310,3767,426,10,717,2,15,150,435,152,966,152,100,29,17,2,4,0,814,567,125,61,47,10,3,1,2007-11,13580,2514,63500,28356,12699,2122,984,72.72727,33,844,586.0,75.15151,0.005924170616113744,0.005924170616113744,0.0071090047393364926,0.02962085308056872
25025010408,1,6,3,8,0.2302405498281786,0.2474226804123711,1900.0,237000.0,121500.0,163500.0,3,1,1.0,530.0,530.0,1008.0,42500.0,21.955,550.5,12.0,4,1,8,1,1,0,12,0,3,25,3,1,0,36,36,36,1,6,8,7,230,9,256,4,1.0,0.0,0.0,258.0,0.0,26.5,260,2010,1426,717,709,46,1348,32,1014,50,2,206,1,1,19,133,126,943,126,96,22,8,0,0,0,817,547,226,39,5,0,0,0,2007-11,51078,13729,205054,84842,46944,12863,907,56.36364,80,752,2051.0,92.12122,0.0013297872340425532,0.007978723404255319,0.003989361702127659,0.010638297872340425
25025010500,4,5,6,8,0.2755298651252408,0.3468208092485549,1890.0,520000.0,292500.0,340000.0,4,1,2.0,1034.0,1016.0,1084.5,82500.0,18.915,1050.5,14.0,6,2,10,2,0,0,7,0,2,19,3,0,0,40,42,40,7,7,4,9,285,6,303,8,7.0,6.0,1.0,283.0,0.0,25.4,311,2010,3044,1487,1557,115,2563,366,1970,308,4,405,1,12,53,291,310,1655,310,225,54,21,6,4,0,1345,946,287,95,17,0,0,0,2007-11,42099,9003,250001,0,37188,14813,2074,253.9394,155,1595,2595.0,313.3333,0.0025078369905956114,0.003134796238244514,0.003761755485893417,0.005015673981191223
25025010600,15,10,15,23,0.3104786545924967,0.2522639068564036,1925.0,595250.0,151000.0,210600.0,4,1,2.0,926.0,899.0,1189.0,119000.0,23.17,850.5,13.0,14,7,40,1,0,0,114,0,19,62,0,0,1,70,72,70,2,6,2,8,546,40,588,14,2.0,3.0,0.0,585.0,0.0,29.1,602,2010,2858,1380,1478,179,2209,470,2159,134,2,361,0,6,40,156,530,1854,530,393,86,42,7,1,1,1324,1090,216,13,5,0,0,0,2007-11,75547,20890,80313,72535,73854,24962,2813,146.0606,368,1790,2661.0,284.8485,0.008379888268156424,0.00558659217877095,0.008379888268156424,0.012849162011173185
25025010701,0,3,3,1,0.2835689045936396,0.2685512367491166,1897.5,650500.0,279500.0,286850.0,4,1,1.0,1050.0,1041.0,1062.0,80000.0,17.56,1050.5,15.0,56,11,41,1,1,0,36,0,17,57,7,1,2,82,86,82,9,11,10,19,786,38,807,57,9.0,4.0,0.0,792.0,0.0,28.8,864,2010,2478,1302,1176,111,2204,163,2009,57,2,211,0,14,49,136,302,1396,302,211,58,29,4,0,0,1094,858,196,34,3,0,1,2,2007-11,98786,9937,250001,0,81518,29627,1582,101.8182,345,929,2083.0,149.697,0.0,0.0032292787944025836,0.0032292787944025836,0.001076426264800861
25025010702,1,3,1,2,0.2941919191919191,0.2512626262626262,1899.0,642000.0,311500.0,286400.0,4,1,1.0,1070.0,1042.0,1073.0,82000.0,15.66,1050.5,13.0,65,15,49,1,0,0,85,0,25,72,4,0,0,109,115,109,1,10,10,31,893,56,935,65,1.0,2.0,4.0,924.0,0.0,28.6,1000,2010,2400,1140,1260,165,1947,288,2080,53,2,122,1,3,37,102,415,1402,415,304,59,36,8,7,1,987,821,140,22,4,0,0,0,2007-11,90068,14055,151809,92513,82426,9235,1753,103.6364,717,752,2494.0,120.6061,0.0013297872340425532,0.003989361702127659,0.0013297872340425532,0.0026595744680851063
25025010801,2,1,2,0,0.3454221165279429,0.1771700356718192,1890.0,581150.0,277750.0,289500.0,4,1,2.0,940.0,935.0,1045.0,75000.0,15.37,950.5,13.0,23,3,50,1,1,0,85,0,6,88,4,0,0,126,131,126,4,14,10,26,1007,47,1080,24,4.0,0.0,0.0,1090.0,0.0,27.8,1104,2010,2783,1286,1497,175,2218,390,2336,62,3,186,0,5,52,139,480,1651,480,351,75,41,11,2,0,1171,1003,158,10,0,0,0,0,2007-11,154402,36301,179453,28569,125882,74010,1943,124.2424,754,849,2221.0,69.69697,0.002355712603062426,0.001177856301531213,0.002355712603062426,0.0
25025010802,2,5,4,3,0.2915129151291513,0.2445967316816025,1895.0,520000.0,282062.5,287750.0,4,1,2.0,870.0,870.0,1088.0,73937.5,16.1,850.5,14.0,35,17,48,1,0,0,59,0,18,99,7,0,0,119,122,119,26,9,11,34,1124,38,1180,36,26.0,7.0,0.0,1162.0,0.0,24.7,1216,2010,3059,1515,1544,205,2554,300,2542,47,0,277,0,15,59,119,470,1871,470,314,95,48,8,5,0,1401,1105,264,27,3,2,0,0,2007-11,88370,16022,138996,29413,58237,12370,2093,105.4545,756,1101,2342.0,111.5152,0.0018165304268846503,0.004541326067211626,0.0036330608537693005,0.0027247956403269754
25025020101,1,1,5,3,0.3678779721848362,0.1973979362943023,1899.0,605000.0,244000.0,270000.0,4,1,2.0,805.0,895.0,1114.5,80000.0,16.81,850.5,12.0,54,12,106,1,0,0,118,0,39,132,1,0,0,123,129,123,174,9,15,24,1282,67,1340,57,174.0,24.0,12.0,1125.0,0.0,32.9,1397,2010,4193,1902,2291,464,3138,591,3782,26,1,186,1,19,39,139,809,2473,809,526,106,117,49,7,4,1664,1339,296,26,2,1,0,0,2007-11,94390,8390,122824,31950,79267,18303,3174,209.697,1111,1649,2581.0,112.7273,0.0006064281382656155,0.0006064281382656155,0.0030321406913280777,0.0018192844147968466
25025020200,2,3,18,12,0.2697318007662835,0.2130268199233716,1899.0,364500.0,182500.0,248000.0,4,1,1.0,620.0,630.0,1138.0,64000.0,16.29,650.5,14.0,31,7,36,2,2,0,44,0,24,47,2,2,2,93,92,93,53,11,6,23,863,50,921,32,53.0,5.0,1.0,846.0,0.0,25.7,953,2010,3649,1639,2010,155,3219,275,3039,121,3,236,0,10,66,174,429,2302,429,317,69,36,6,1,0,1873,1202,593,73,4,1,0,0,2007-11,66944,17704,119479,79461,45417,13773,2438,116.9697,548,1508,2091.0,91.51515,0.001326259946949602,0.001989389920424403,0.011936339522546418,0.007957559681697613
25025020301,1,4,12,7,0.1906825568797399,0.1852654387865655,1967.0,315000.0,140000.0,180800.0,3,1,1.0,737.0,737.0,1047.0,41750.0,13.715,750.5,11.0,3,1,11,1,0,0,6,0,2,33,1,0,0,30,30,30,0,1,13,16,273,20,319,4,0.0,0.0,0.0,313.0,0.0,44.0,323,2010,2023,946,1077,117,1562,344,1403,51,2,416,0,4,39,108,322,1250,322,225,61,26,7,3,0,928,766,135,24,3,0,0,0,2007-11,74000,17612,76500,50600,72188,20840,1445,111.5152,235,1010,2861.0,192.1212,0.0009900990099009901,0.0039603960396039604,0.011881188118811881,0.006930693069306931
25025020302,4,3,11,12,0.3228476821192053,0.2350993377483443,1899.0,530000.0,191000.0,312000.0,4,1,2.0,885.0,895.0,1162.0,70000.0,14.86,850.5,15.0,11,1,19,1,0,0,14,0,1,28,1,0,0,32,33,32,6,2,3,14,420,14,441,12,6.0,4.0,1.0,425.0,0.0,30.7,453,2010,1181,553,628,57,1055,69,1011,31,1,60,0,3,14,61,155,675,155,115,23,16,1,0,0,520,334,150,30,2,1,0,3,2007-11,93674,16208,157396,55194,64414,49799,615,21.21212,127,399,2526.0,141.8182,0.010025062656641603,0.007518796992481203,0.02756892230576441,0.03007518796992481
25025030100,0,2,2,1,0.2941176470588235,0.2130365659777424,1900.0,333250.0,91500.0,245300.0,3,1,1.0,673.5,698.5,942.0,55000.0,16.62,700.5,13.0,11,0,17,1,1,0,34,0,6,29,4,1,0,27,25,27,3,3,7,5,277,12,293,11,3.0,5.0,7.0,253.0,0.0,35.2,304,2010,1954,883,1071,62,1650,242,1818,19,0,30,2,5,12,68,196,1276,196,139,37,14,6,0,0,1080,737,296,39,7,1,0,0,2007-11,55278,11858,80417,44107,49640,10812,1329,95.15151,231,992,2030.0,103.0303,0.0,0.0020161290322580645,0.0020161290322580645,0.0010080645161290322
25025030200,0,3,3,4,0.2192513368983957,0.2281639928698752,1899.0,420000.0,0.0,287000.0,4,1,1.0,740.0,746.0,1019.0,25000.0,6.59,750.5,14.0,20,2,6,1,0,0,37,0,15,19,1,0,0,21,24,21,3,2,11,6,212,16,226,21,3.0,0.0,7.0,205.0,0.0,32.0,247,2010,1665,766,899,68,1413,184,1523,8,6,36,1,6,16,69,182,1044,182,132,26,17,4,1,2,862,551,276,28,7,0,0,0,2007-11,56082,11012,69412,43347,54770,5580,1085,92.12122,132,834,2071.0,81.21212,0.0,0.0035971223021582736,0.0035971223021582736,0.004796163069544364
25025030400,0,1,5,1,0.23582995951417,0.23582995951417,1910.0,389000.0,68000.0,238400.0,4,1,1.0,750.0,765.0,1069.5,58500.0,18.0,750.5,14.0,19,4,27,1,0,0,108,0,9,38,1,1,0,44,46,44,1,5,1,13,455,21,475,20,1.0,1.0,6.0,444.0,0.0,33.3,495,2010,2451,1103,1348,106,2125,220,2253,13,5,74,0,6,22,78,268,1513,268,179,59,21,6,2,1,1245,819,344,73,9,0,0,0,2007-11,60603,11581,83625,65760,56733,9769,2711,245.4545,476,1869,2180.0,83.0303,0.0,0.0005350454788657035,0.002675227394328518,0.0005350454788657035
25025030500,1,4,1,0,0.4038308060654429,0.2003192338387869,1915.0,488000.0,206000.0,288000.0,4,1,2.0,946.0,970.0,1127.0,75937.5,18.28,950.5,13.0,34,5,31,0,1,0,83,0,10,76,1,0,0,66,67,66,1,6,8,12,689,32,713,34,1.0,0.0,8.0,719.0,0.0,29.2,747,2010,2538,1199,1339,113,2154,271,2294,13,0,107,0,7,24,93,372,1457,372,264,71,28,9,0,0,1085,680,322,74,7,2,0,0,2007-11,98906,22273,136719,42270,71207,21935,1666,84.84849,659,690,2356.0,122.4242,0.0014492753623188406,0.005797101449275362,0.0014492753623188406,0.0
25025040100,0,0,1,1,0.4713043478260869,0.1356521739130435,1900.0,460000.0,216000.0,300700.0,5,2,2.0,0.0,1093.0,1143.0,55100.0,13.56,1050.5,13.0,13,3,12,0,0,0,20,0,22,17,1,0,0,89,86,89,83,4,7,8,811,39,856,13,83.0,24.0,6.0,739.0,0.0,23.0,869,2010,2168,991,1177,237,1639,292,2052,11,2,46,0,1,15,41,451,1188,451,268,91,64,25,1,2,737,551,156,27,3,0,0,0,2007-11,127039,27832,159485,44750,115573,57487,1272,85.45454,701,571,1940.0,749.0909,0.0,0.0,0.0017513134851138354,0.0017513134851138354
25025040200,3,1,0,4,0.5137362637362637,0.1153846153846153,1892.5,469000.0,213000.0,339800.0,5,2,2.0,0.0,1101.0,1078.0,59100.0,15.0,1150.5,11.0,5,2,5,0,1,0,20,0,19,14,0,0,0,34,35,34,71,5,1,7,287,10,304,6,71.0,12.0,9.0,213.0,0.0,23.9,310,2010,1606,731,875,433,1008,165,861,224,2,130,0,15,23,351,362,663,362,132,89,73,45,16,7,301,236,53,5,4,0,2,1,2007-11,48026,10478,99615,18992,35000,18496,766,66.66666,361,353,775.0,171.5152,0.0084985835694051,0.0028328611898017,0.0,0.0113314447592068
25025040300,3,1,6,9,0.5553772070626003,0.126270733012306,1885.0,380000.0,175000.0,286400.0,5,2,2.0,0.0,1049.0,1068.5,40000.0,11.51,1050.5,14.0,24,5,25,5,5,0,86,1,16,72,8,4,0,152,154,152,300,28,4,29,1306,60,1397,30,300.0,52.0,25.0,1018.0,4.0,20.3,1427,2010,3882,1822,2060,643,2949,290,3169,138,1,146,0,1,43,384,845,1894,845,401,230,148,54,10,2,1049,708,290,41,8,2,0,0,2007-11,115029,17003,117294,25326,72717,47810,2270,135.7576,1230,958,1941.0,150.303,0.003131524008350731,0.0010438413361169101,0.006263048016701462,0.009394572025052192
25025040401,3,4,16,13,0.504524886877828,0.0950226244343891,1899.0,398000.0,180000.0,291650.0,5,1,2.0,0.0,1065.0,1024.5,60000.0,18.35,1050.5,13.0,9,0,10,2,0,0,19,0,3,27,4,0,0,56,53,56,79,9,5,9,507,21,541,10,79.0,13.0,3.0,442.0,0.0,21.4,551,2010,2439,1102,1337,403,1719,317,2002,50,4,203,1,5,30,144,558,1174,558,242,155,97,42,13,9,616,503,98,12,2,1,0,0,2007-11,73184,12143,117083,47729,55516,11135,1356,81.81818,494,836,1021.0,158.7879,0.0035885167464114833,0.004784688995215311,0.019138755980861243,0.01555023923444976
25025040600,8,11,28,31,0.4411764705882353,0.1902761104441776,1885.0,390000.0,146500.0,295000.0,5,2,2.0,0.0,1131.5,1212.0,50000.0,11.59,1150.5,12.0,19,5,16,5,1,0,73,0,11,36,11,0,1,62,64,62,167,16,4,11,701,28,737,23,167.0,27.0,16.0,527.0,0.0,22.2,760,2010,2444,1177,1267,240,1961,243,2235,36,0,89,1,5,20,58,488,1238,488,262,126,73,18,6,3,750,479,222,38,9,1,1,0,2007-11,116042,45849,147112,20202,81474,21188,1715,116.3636,874,733,2747.0,212.7273,0.010914051841746248,0.015006821282401092,0.03819918144611187,0.04229195088676671
25025040801,2,1,11,14,0.4976700838769804,0.1472506989748369,1899.0,429397.5,182450.0,287400.0,4,2,1.0,0.0,945.0,1115.5,20000.0,5.61,950.5,16.0,9,6,20,4,2,0,181,0,7,35,7,1,0,59,60,59,2,11,4,13,851,25,892,12,2.0,0.0,0.0,899.0,0.0,25.4,904,2010,3900,1766,2134,729,2794,377,2139,305,9,720,8,35,71,613,903,1876,903,453,229,123,68,20,10,973,787,177,8,0,1,0,0,2007-11,37000,13920,168813,29393,18281,10313,2434,165.4545,759,1520,1078.0,99.39394,0.0013157894736842105,0.0006578947368421052,0.007236842105263158,0.009210526315789473
25025050101,5,24,21,33,0.4352078239608802,0.1784841075794621,1900.0,249000.0,83000.0,198000.0,10,2,4.0,1875.0,2097.0,789.0,25000.0,10.6,2050.5,11.0,17,7,13,18,10,0,24,0,16,50,44,6,0,62,65,62,80,40,12,23,399,33,475,32,80.0,106.0,187.0,117.0,1.0,38.1,507,2010,5115,2694,2421,1330,3414,371,1428,132,11,287,0,29,88,3140,1053,1713,1053,256,239,213,169,84,92,660,516,95,27,13,6,2,1,2007-11,33939,10191,84280,9152,27700,4045,2026,120.6061,430,1420,1361.0,102.4242,0.0035211267605633804,0.016901408450704224,0.014788732394366197,0.02323943661971831
25025050200,7,18,26,18,0.3954685890834191,0.238928939237899,1900.0,280000.0,107000.0,215200.0,11,3,5.0,1800.0,2138.0,715.0,20000.0,9.18,2150.5,11.0,15,8,19,28,8,1,26,0,23,52,58,4,3,88,92,88,74,57,14,38,459,47,579,36,74.0,132.0,265.0,96.0,0.0,33.0,615,2010,5231,2736,2495,1332,3557,342,1353,135,8,129,1,96,82,3427,1148,1695,1148,276,289,281,150,70,82,547,373,105,31,19,12,5,2,2007-11,50733,7687,62083,11003,43750,9469,1910,152.7273,557,1254,1602.0,80.0,0.005582137161084529,0.014354066985645933,0.02073365231259968,0.014354066985645933
25025050300,23,20,50,53,0.2862903225806452,0.3427419354838709,1910.0,241600.0,0.0,169450.0,4,1,2.0,947.0,1800.0,938.0,36000.0,16.8,1850.5,14.0,7,3,3,2,2,0,45,0,6,14,6,0,0,14,15,14,2,7,2,11,111,7,130,8,2.0,11.0,38.0,62.0,0.0,31.2,138,2010,2251,1107,1144,517,1413,321,650,231,4,236,0,40,62,1028,464,973,464,161,123,94,57,17,12,509,419,55,21,9,1,3,1,2007-11,15907,2215,49861,65351,15331,2290,1605,109.697,102,1317,824.0,231.5152,0.017463933181473046,0.015186028853454821,0.037965072133637055,0.040242976461655276
25025050400,2,15,10,5,0.3677811550151976,0.2355623100303951,1900.0,254900.0,51000.0,198000.0,5,2,2.0,1215.0,1598.0,681.0,69000.0,32.56,1550.5,12.0,10,3,12,5,0,0,8,0,8,29,9,0,2,31,32,31,28,8,10,6,215,14,239,14,28.0,23.0,69.0,91.0,1.0,39.5,253,2010,2372,1317,1055,411,1738,223,935,66,5,63,0,52,47,1204,480,967,480,141,137,99,62,21,20,487,342,104,23,13,3,1,1,2007-11,48697,10450,88824,31532,41359,10604,1080,101.8182,209,842,1705.0,87.87878,0.0023752969121140144,0.017814726840855107,0.011876484560570071,0.0059382422802850355
25025050500,2,13,6,6,0.2872062663185378,0.3028720626631854,1905.0,205000.0,29000.0,158100.0,4,1,2.0,824.0,817.0,719.5,20000.0,11.43,850.5,11.0,7,1,6,6,1,0,24,0,4,12,12,2,1,21,21,21,1,7,7,6,159,8,176,11,1.0,1.0,28.0,134.0,0.0,31.6,187,2010,1857,1017,840,376,1364,117,710,29,0,48,0,43,31,996,381,659,381,104,98,85,46,22,26,278,178,61,21,6,8,3,1,2007-11,40625,12782,75208,15179,33873,5642,1113,73.93939,309,710,1898.0,89.69697,0.0028169014084507044,0.018309859154929577,0.008450704225352112,0.008450704225352112
25025050600,5,4,13,8,0.3044354838709677,0.2923387096774194,1910.0,282399.0,0.0,214435.0,2,1,1.0,948.0,990.0,698.0,33000.0,13.79,950.5,10.0,17,2,15,12,1,0,200,0,27,36,27,0,2,81,83,81,9,21,17,21,468,26,528,25,9.0,23.0,80.0,385.0,0.0,28.0,553,2010,2063,1201,862,431,1481,151,523,40,5,45,0,44,32,1374,417,746,417,101,108,104,57,24,23,329,203,84,24,15,1,2,0,2007-11,56875,5542,56019,991,58275,13836,891,58.78788,118,697,1792.0,216.3636,0.007173601147776184,0.005738880918220947,0.018651362984218076,0.011477761836441894
25025050700,4,6,19,25,0.3310344827586207,0.2241379310344827,1900.0,279950.0,95000.0,220000.0,11,3,5.0,1551.5,2185.0,866.0,13000.0,4.46,2200.5,11.0,16,7,27,16,13,0,18,0,11,58,31,13,1,66,70,66,43,52,12,36,375,29,471,33,43.0,48.0,262.0,98.0,1.0,35.1,504,2010,4504,2526,1978,1011,3265,228,1225,82,5,86,0,154,46,2906,924,1455,924,211,213,243,140,64,53,531,292,130,56,32,16,4,1,2007-11,57566,13985,83869,24767,54730,16891,1810,138.7879,294,1395,1804.0,35.15152,0.002867383512544803,0.004301075268817204,0.013620071684587814,0.017921146953405017
25025050901,3,16,17,7,0.3788049605411499,0.2187147688838782,1900.0,280000.0,90000.0,224000.0,11,3,5.0,1819.0,2358.0,952.5,13372.0,8.77,2350.5,13.0,9,1,14,23,5,1,11,0,11,36,41,2,1,48,48,48,63,40,9,21,348,17,406,29,63.0,100.0,184.0,36.0,0.0,33.3,435,2010,4165,2239,1926,998,2923,244,1215,70,3,86,0,50,37,2704,877,1324,877,209,198,202,126,68,74,447,285,94,34,21,9,4,0,2007-11,51038,15748,76875,17072,34871,9074,1555,109.697,353,1091,1677.0,93.33334,0.002749770852428964,0.01466544454628781,0.015582034830430797,0.006416131989000917
25025051000,10,18,33,59,0.4989473684210526,0.1778947368421052,1910.0,289950.0,0.0,228750.0,8,2,4.0,2500.0,1958.0,867.0,1280.0,0.83,1950.5,12.0,12,9,13,11,5,1,20,0,16,42,18,4,4,26,26,26,71,20,7,13,272,24,314,22,71.0,98.0,76.0,55.0,3.0,44.6,336,2010,4089,1981,2108,838,2700,551,2216,98,7,121,1,27,47,1572,988,1670,988,364,256,216,92,34,26,682,559,91,25,2,5,0,0,2007-11,42301,16062,66181,17262,31397,6546,2000,103.0303,641,1251,1489.0,224.2424,0.007993605115907274,0.014388489208633094,0.026378896882494004,0.04716227018385292
25025051101,7,16,17,14,0.5105762217359592,0.1692195477753464,1920.0,295000.0,25000.0,228937.0,7,2,3.0,3600.0,1895.0,821.0,2600.0,0.58,1900.5,11.0,10,5,10,14,4,0,28,0,6,48,32,7,1,42,44,42,117,28,8,11,415,27,467,22,117.0,107.0,75.0,151.0,1.0,42.3,489,2010,6093,3006,3087,1345,3999,749,3189,328,13,228,1,70,89,2175,1422,2190,1422,463,368,316,153,65,57,768,547,152,38,22,8,1,0,2007-11,53750,12382,78399,18022,45417,22499,2829,280.606,947,1730,1198.0,146.0606,0.004046242774566474,0.009248554913294798,0.009826589595375723,0.008092485549132947
25025051200,9,10,29,14,0.4038245219347581,0.1788526434195725,1900.0,261000.0,2500.0,210250.0,6,2,3.0,1139.0,1474.0,738.0,41000.0,19.0,1550.5,11.0,4,6,17,9,4,0,27,0,12,47,13,3,1,47,49,47,54,18,9,21,321,19,374,14,54.0,50.0,80.0,157.0,5.0,32.0,388,2010,2379,1257,1122,400,1756,223,1349,59,4,52,0,50,43,822,509,1023,509,182,146,102,40,23,16,514,364,123,17,9,1,0,0,2007-11,46890,5731,71493,15291,43508,5494,1594,116.9697,415,1036,1943.0,260.606,0.008687258687258687,0.009652509652509652,0.027992277992277992,0.013513513513513514
25025060101,2,1,0,2,0.4506578947368421,0.1486842105263157,1905.0,350000.0,0.0,264000.0,5,1,2.0,1077.0,1079.0,1141.0,49412.0,14.79,1050.5,13.0,9,3,8,5,1,0,53,0,16,45,11,1,0,47,52,47,50,8,12,12,633,34,684,15,50.0,30.0,27.0,583.0,0.0,29.6,699,2010,3216,1542,1674,301,2475,440,3115,18,4,14,1,1,19,44,591,1575,591,303,145,98,36,6,3,984,643,228,88,23,2,0,0,2007-11,82500,15375,92647,10876,71759,17687,1810,89.69697,742,857,2233.0,194.5455,0.002333722287047841,0.0011668611435239206,0.0,0.002333722287047841
25025060200,0,1,0,1,0.4634433962264151,0.1415094339622641,1905.0,350000.0,0.0,280000.0,5,2,2.0,1021.0,1044.0,1335.5,35000.0,10.725,1050.5,11.0,1,3,5,0,0,0,25,0,11,21,2,0,0,22,22,22,28,3,2,19,329,18,370,1,28.0,24.0,15.0,301.0,0.0,31.8,371,2010,1916,866,1050,204,1499,213,1884,3,0,7,0,0,9,13,352,927,352,173,90,61,19,8,1,575,330,175,63,6,1,0,0,2007-11,90577,13336,111016,35549,87750,21260,1031,56.36364,486,423,2589.0,129.0909,0.0,0.002364066193853428,0.0,0.002364066193853428
25025060301,0,2,5,3,0.4410150891632373,0.1556927297668038,1900.0,349500.0,0.0,265525.0,4,2,2.0,1035.5,1054.0,1051.0,30400.0,10.065,1050.5,15.0,9,1,6,4,2,0,73,0,10,58,6,2,0,52,54,52,60,10,7,19,637,29,691,11,60.0,27.0,17.0,587.0,1.0,26.9,702,2010,3076,1419,1657,268,2377,431,2969,20,1,28,0,8,22,28,542,1540,542,287,132,71,36,13,3,998,622,267,91,16,2,0,0,2007-11,89318,13295,104125,22517,73870,33377,1750,130.303,885,821,2457.0,620.0,0.0,0.00243605359317905,0.0060901339829476245,0.0036540803897685747
25025060400,6,3,4,7,0.4401794616151545,0.154037886340977,1900.0,340000.0,0.0,260000.0,4,2,2.0,1015.5,1034.5,1064.5,41000.0,14.31,1050.5,12.0,18,10,16,12,4,0,93,0,42,79,26,3,0,112,115,112,189,25,15,25,1012,49,1099,27,189.0,43.0,40.0,838.0,0.0,24.0,1126,2010,4904,2193,2711,425,3626,853,4626,50,5,85,2,2,44,90,827,2378,827,456,185,120,49,12,5,1551,992,402,115,34,5,3,0,2007-11,78220,15071,109125,16311,48250,15664,2534,157.5758,990,1365,2405.0,327.8788,0.004395604395604396,0.002197802197802198,0.0029304029304029304,0.005128205128205128
25025060501,1,5,8,2,0.3773905652358691,0.1767955801104972,1905.0,340000.0,0.0,266000.0,4,2,2.0,978.0,1001.0,1101.0,38250.0,13.33,1050.5,14.0,23,8,27,6,4,0,124,0,26,150,17,3,0,90,94,90,88,18,17,32,943,49,1033,26,88.0,42.0,33.0,842.0,1.0,24.9,1059,2010,3571,1765,1806,305,3002,264,3343,22,2,99,1,5,27,72,611,1831,611,330,155,86,27,7,6,1220,722,354,126,18,0,0,0,2007-11,91630,14609,124718,17415,78973,10056,2160,129.0909,1142,844,1712.0,120.6061,0.001184834123222749,0.005924170616113744,0.009478672985781991,0.002369668246445498
25025060700,7,1,6,15,0.0,0.0,2006.0,485000.0,0.0,335000.0,5,3,2.0,1478.0,1478.0,,,,1450.5,,0,0,0,0,0,0,0,0,0,0,0,0,0,0,0,0,0,0,0,0,1,0,1,0,0.0,0.0,0.0,1.0,0.0,100.0,1,2010,1893,770,1123,718,1064,111,354,381,1,185,0,37,58,877,473,617,473,132,126,105,46,30,34,144,137,5,1,1,0,0,0,2007-11,17592,3445,0,0,17592,3445,1112,143.0303,0,1074,657.0,106.0606,0.006517690875232775,0.000931098696461825,0.00558659217877095,0.013966480446927373
25025060800,2,1,6,5,0.3610648918469218,0.1846921797004991,1900.0,286500.0,66175.0,228000.0,4,1,2.0,903.0,912.0,1070.0,37000.0,14.115,950.5,12.0,37,15,37,20,14,0,101,0,62,158,37,10,5,142,148,142,175,48,19,37,1284,60,1394,54,175.0,37.0,35.0,1114.0,1.0,25.8,1448,2010,3964,1963,2001,341,3329,294,3577,39,6,183,1,11,41,106,643,2002,643,328,167,89,37,15,7,1359,804,419,104,26,5,1,0,2007-11,80000,13295,96429,5571,66724,26182,2445,158.1818,1173,813,2132.0,218.1818,0.0024600246002460025,0.0012300123001230013,0.007380073800738007,0.006150061500615006
25025061000,20,2,3,3,0.4259259259259259,0.137037037037037,1900.0,312500.0,1000.0,256800.0,4,1,2.0,881.0,910.0,1142.0,27000.0,8.8,950.5,13.0,4,1,3,4,3,0,31,0,5,18,8,0,1,17,22,17,26,7,2,7,301,10,320,7,26.0,11.0,7.0,278.0,0.0,16.5,327,2010,3098,1402,1696,854,2070,174,1284,464,3,342,0,49,61,895,717,1239,717,244,214,142,64,28,25,522,371,124,15,9,3,0,0,2007-11,26471,1925,79460,68909,21473,7997,1598,136.3636,531,893,571.0,96.36364,0.022396416573348264,0.0022396416573348264,0.0033594624860022394,0.0033594624860022394
25025061101,10,1,5,19,0.1470588235294117,0.1764705882352941,1905.5,377500.0,64000.0,292500.0,5,2,2.0,1736.0,1562.0,319.0,70000.0,46.67,1550.5,10.0,0,0,0,0,0,0,0,0,0,0,0,0,0,1,1,1,0,1,1,0,7,1,10,0,0.0,3.0,0.0,5.0,0.0,40.0,10,2010,2232,983,1249,713,1348,171,449,467,7,313,2,9,50,935,582,982,582,243,171,99,45,15,9,400,363,28,5,3,1,0,0,2007-11,11956,5415,0,0,11956,5415,1218,89.69697,11,1148,396.0,88.48485,0.008710801393728223,0.0008710801393728223,0.004355400696864111,0.016550522648083623
25025070402,30,35,48,48,0.275609756097561,0.2292682926829268,2002.0,379000.0,0.0,215000.0,2,1,0.0,1259.0,1002.0,2050.0,58246.5,31.085,1050.5,,3,0,0,0,0,0,4,0,2,0,0,0,0,0,0,0,0,0,0,0,11,0,8,3,0.0,0.0,0.0,6.0,0.0,18.2,11,2010,1723,765,958,365,919,439,110,221,2,1206,0,6,20,158,409,666,409,159,92,103,33,13,9,257,229,13,9,5,1,0,0,2007-11,15484,2116,0,0,15484,2116,1776,92.72727,61,1491,1465.0,332.1212,0.02012072434607646,0.023474178403755867,0.03219315895372234,0.03219315895372234
25025070600,1,1,1,2,0.4726530612244898,0.1771428571428571,1899.0,517500.0,285000.0,333700.0,4,1,2.0,976.0,1006.0,1040.0,90000.0,18.18,1050.5,14.0,8,2,23,1,1,0,16,0,3,33,2,1,0,87,89,87,33,9,7,12,679,38,736,9,33.0,55.0,10.0,626.0,2.0,23.2,745,2010,2240,1218,1022,233,1794,213,1838,91,3,130,1,15,48,114,408,1210,408,237,89,63,18,0,1,802,521,247,18,15,0,1,0,2007-11,87060,10942,97500,21927,75163,33075,1229,81.21212,803,347,2637.0,102.4242,0.002881844380403458,0.002881844380403458,0.002881844380403458,0.005763688760806916
25025070700,11,17,16,23,0.4358452138492871,0.1771894093686354,1899.0,539500.0,266000.0,338275.0,4,1,2.0,934.0,934.0,1095.0,75000.0,15.87,950.5,15.0,9,9,14,0,1,0,100,0,8,25,0,2,0,47,47,47,11,5,4,16,554,27,597,9,11.0,2.0,5.0,576.0,0.0,24.6,606,2010,2361,1132,1229,305,1844,212,1287,553,7,234,0,14,72,194,480,1238,480,266,117,63,24,8,2,758,539,174,33,10,2,0,0,2007-11,61190,21306,109732,111303,43732,6919,1628,141.8182,506,959,2000.0,462.4243,0.011470281543274244,0.017726798748696558,0.016684045881126174,0.023983315954118872
25025071101,38,20,39,66,0.4016768292682927,0.1516768292682926,1905.0,375000.0,139000.0,263150.0,4,1,2.0,875.0,866.0,1150.0,55500.0,17.74,850.5,11.0,18,10,14,1,1,0,100,0,21,53,3,2,0,71,75,71,25,13,15,26,741,20,795,20,25.0,2.0,7.0,750.0,0.0,25.9,815,2010,3753,2032,1721,293,3084,376,1837,593,17,670,1,38,84,513,499,2088,499,320,102,53,10,7,7,1589,1140,396,48,5,0,0,0,2007-11,44076,9516,78750,61316,23036,16317,2416,147.2727,753,1442,1256.0,112.1212,0.026352288488210817,0.013869625520110958,0.027045769764216365,0.04576976421636616
25025071201,6,7,11,25,0.3338557993730408,0.2163009404388714,1999.0,490000.0,0.0,312800.0,3,2,1.0,1177.0,1173.0,1031.0,96500.0,22.86,1150.5,13.0,15,5,5,1,0,0,99,0,8,48,3,0,0,39,39,39,2,4,5,10,317,19,340,15,2.0,0.0,1.0,335.0,0.0,34.1,355,2010,3131,1668,1463,560,2251,320,1218,592,7,476,4,18,58,758,583,1304,583,261,138,114,41,16,13,721,530,170,19,0,1,0,1,2007-11,37923,18474,117019,64430,17218,7665,1623,90.30303,437,1172,551.0,91.51515,0.005119453924914676,0.005972696245733789,0.00938566552901024,0.021331058020477817
25025080100,24,19,15,43,0.1739130434782608,0.3768115942028985,1890.0,350000.0,82500.0,200000.0,5,1,2.0,2205.0,2266.0,836.0,22000.0,8.07,2350.5,13.0,62,20,22,14,5,0,24,0,27,55,28,2,5,37,39,37,49,33,12,22,238,19,253,71,49.0,23.0,59.0,85.0,1.0,41.7,324,2010,3350,2226,1124,415,2748,187,516,1448,6,44,0,283,111,942,426,681,426,142,129,73,49,14,19,255,198,46,7,3,0,0,1,2007-11,40329,22885,85375,10152,15759,9365,781,54.54546,203,508,1303.0,71.51515,0.047244094488188976,0.03740157480314961,0.02952755905511811,0.08464566929133858
25025080300,19,20,29,42,0.3174224343675417,0.2195704057279236,1900.0,237981.0,35000.0,124000.0,7,2,3.0,2444.0,1896.0,657.5,-18100.0,-12.04,1950.5,8.0,16,14,16,14,8,0,29,0,28,24,26,7,0,24,27,24,27,28,6,22,157,14,199,28,27.0,27.0,44.0,66.0,2.0,37.9,227,2010,1769,756,1013,525,1098,146,83,1065,11,16,0,45,41,508,400,693,400,124,113,83,42,24,14,293,250,29,4,7,1,1,1,2007-11,23315,13931,71250,47784,16050,7596,991,70.30303,244,695,1143.0,252.1212,0.027338129496402876,0.02877697841726619,0.041726618705035974,0.060431654676258995
25025080401,20,28,22,78,0.1972972972972973,0.3027027027027027,1920.0,279500.0,0.0,200000.0,3,1,1.0,1330.0,1295.0,1204.5,69250.0,19.46,1350.5,10.0,18,9,6,2,2,0,41,0,20,14,8,0,1,10,10,10,1,9,5,4,131,9,138,20,1.0,4.0,5.0,107.0,0.0,43.0,158,2010,2710,1186,1524,700,1709,301,200,1349,16,66,0,15,80,984,670,1225,670,286,220,95,46,7,16,555,498,43,13,1,0,0,0,2007-11,13446,3867,69203,19935,11712,2483,1522,129.0909,113,1231,760.0,143.6364,0.016246953696181964,0.022745735174654752,0.017871649065800164,0.06336311941510966
25025080500,48,23,13,28,0.2216494845360824,0.2474226804123711,1890.0,336500.0,153750.0,239600.0,5,2,2.0,845.0,1164.0,905.0,66200.0,15.38,1150.5,9.0,2,2,8,7,0,0,1,0,5,11,10,0,3,22,20,22,43,8,4,9,129,12,156,6,43.0,5.0,24.0,72.0,1.0,36.4,162,2010,3096,1362,1734,948,1889,259,233,1369,2,99,1,13,50,1329,763,1269,763,295,218,141,62,28,19,506,408,52,32,12,2,0,0,2007-11,16136,7200,59087,88860,14964,7273,1602,139.3939,28,1498,791.0,233.9394,0.03204272363150868,0.015353805073431242,0.008678237650200267,0.018691588785046728
25025080601,5,11,23,58,0.2391304347826087,0.2732919254658385,1990.0,201950.0,0.0,135200.0,4,1,2.0,1110.5,1081.0,974.0,54840.0,42.21,1050.5,11.0,5,1,4,0,1,0,10,0,53,13,1,2,2,14,14,14,9,2,4,3,126,11,141,5,9.0,6.0,5.0,101.0,0.0,45.9,146,2010,4271,2048,2223,492,3687,92,2146,850,12,385,0,45,90,743,388,882,388,126,115,85,35,16,11,494,293,74,58,56,10,2,1,2007-11,21422,9314,56579,36848,18862,4287,919,56.9697,105,696,588.0,347.8788,0.007183908045977011,0.015804597701149427,0.033045977011494254,0.08333333333333333
25025080801,35,4,7,33,0.0,0.2033898305084746,1988.0,195500.0,97500.0,88625.0,7,2,4.5,1697.0,1697.0,310.0,41000.0,29.17,1650.5,11.0,1,1,2,1,0,0,0,0,1,5,2,0,2,3,3,3,0,1,2,0,13,0,14,2,0.0,3.0,0.0,9.0,0.0,37.5,16,2010,3885,1916,1969,770,2928,187,1258,791,19,386,0,12,74,1345,567,927,567,177,150,115,53,42,30,360,247,37,28,30,9,5,4,2007-11,15994,3203,45764,60236,15817,2763,1161,115.7576,0,1141,451.0,136.9697,0.03067484662576687,0.0035056967572304996,0.006134969325153374,0.028921998247151623
25025080900,14,3,17,13,0.1957894736842105,0.4210526315789473,1900.0,540000.0,66000.0,360000.0,9,3,4.0,2000.0,2664.0,959.5,134500.0,30.59,2650.5,14.0,34,3,10,1,0,0,25,0,3,17,1,0,1,30,32,30,51,16,27,14,185,27,234,35,51.0,16.0,94.0,62.0,4.0,37.5,269,2010,4008,2123,1885,206,3531,271,2601,329,5,660,4,8,88,313,323,1686,323,171,66,48,18,14,6,1363,632,227,186,231,58,25,4,2007-11,36450,7939,30375,45699,37955,9349,1624,89.69697,67,1437,2287.0,314.5454,0.009742519137091163,0.0020876826722338203,0.011830201809324982,0.009046624913013222
25025081001,26,7,39,43,0.1367647058823529,0.3352941176470588,1910.0,322075.0,118000.0,231800.0,5,1,2.0,1154.0,1148.0,960.0,55000.0,17.64,1150.5,13.0,19,5,8,3,0,0,18,0,15,26,3,0,0,51,53,51,8,13,17,19,291,24,340,24,8.0,27.0,73.0,217.0,2.0,30.2,364,2010,4890,2304,2586,662,3632,596,2180,684,19,920,3,14,120,950,814,2234,814,380,227,126,58,13,10,1420,875,247,164,101,22,9,2,2007-11,28932,9090,88239,69460,26287,8234,2485,209.0909,58,2364,1558.0,108.4848,0.010998307952622674,0.002961082910321489,0.01649746192893401,0.018189509306260575
25025081200,7,10,8,16,0.4318181818181818,0.2102272727272727,1900.0,290000.0,0.0,225225.0,6,1,3.0,2117.0,1387.0,590.5,45000.0,13.51,1350.5,12.0,5,1,7,5,0,0,33,0,3,12,8,0,0,22,24,22,49,7,1,4,155,6,164,9,49.0,7.0,21.0,81.0,0.0,45.7,173,2010,3265,1449,1816,1040,1945,280,393,962,3,83,0,17,87,1720,741,1125,741,186,207,179,96,38,35,384,282,47,38,11,2,1,3,2007-11,18198,5850,126190,10367,15935,3927,1378,89.09091,254,1071,394.0,61.81818,0.006535947712418301,0.009337068160597572,0.007469654528478058,0.014939309056956116
25025081400,20,15,39,36,0.3301805674978504,0.1607910576096302,1905.0,261500.0,0.0,199600.0,6,2,3.0,1560.0,1421.0,920.0,34375.0,10.95,1550.5,9.0,17,7,22,8,1,1,67,0,19,33,18,2,22,37,37,37,42,25,17,20,350,24,412,24,42.0,48.0,54.0,211.0,9.0,42.9,436,2010,3003,1531,1472,523,2143,337,685,1516,18,92,0,18,88,586,582,1300,582,222,173,95,56,15,21,718,479,141,58,29,8,2,1,2007-11,46919,8014,76076,29997,40214,10087,1429,76.9697,527,732,1346.0,103.6364,0.0273224043715847,0.020491803278688523,0.05327868852459016,0.04918032786885246
25025081500,20,8,12,30,0.4376039933444259,0.1497504159733777,1920.0,252000.0,0.0,205640.0,6,2,3.0,1693.0,1506.0,792.5,-27994.0,-13.15,1550.5,11.0,18,4,10,12,4,0,23,0,48,32,26,3,4,28,31,28,40,35,9,15,238,16,285,28,40.0,25.0,35.0,176.0,11.0,40.6,313,2010,2134,955,1179,489,1451,194,177,1329,9,25,2,25,51,516,493,839,493,179,143,90,44,25,12,346,274,43,15,7,5,1,1,2007-11,27417,21354,57234,8668,21206,4658,1069,132.1212,471,543,1199.0,431.5151,0.03683241252302026,0.014732965009208104,0.022099447513812154,0.055248618784530384
25025081700,36,25,60,52,0.3934169278996865,0.1551724137931034,1905.0,270000.0,78000.0,191000.0,7,2,4.0,2500.0,2121.0,514.0,-26000.0,-9.335,2150.5,10.0,28,9,21,22,11,0,24,0,41,20,51,8,3,44,44,44,66,49,16,12,260,16,310,43,66.0,68.0,58.0,105.0,18.0,40.2,353,2010,3820,1700,2120,1067,2290,463,74,2725,18,58,1,37,125,782,933,1473,933,342,232,182,104,39,34,540,463,61,8,4,1,1,2,2007-11,35589,8541,79028,26059,26860,12393,2127,229.0909,564,1500,762.0,135.7576,0.024,0.016666666666666666,0.04,0.034666666666666665
25025081800,26,9,34,41,0.4339869281045752,0.1607843137254902,1905.0,249500.0,47000.0,174300.0,7,2,3.0,2820.0,2175.0,407.0,-35204.0,-12.1,2250.5,8.0,24,19,35,23,12,0,42,0,31,45,50,6,2,65,66,65,65,59,22,23,305,17,379,47,65.0,72.0,78.0,123.0,5.0,39.2,426,2010,2898,1327,1571,766,1889,243,78,1879,13,39,4,51,98,736,674,1139,674,243,179,112,75,34,31,465,390,52,9,9,4,1,0,2007-11,41471,9095,51700,14579,19789,13552,1533,124.2424,612,761,796.0,183.6364,0.03416557161629435,0.011826544021024968,0.04467805519053877,0.05387647831800263
25025081900,19,27,46,61,0.3956442831215971,0.2450090744101633,1905.0,266000.0,14000.0,201400.0,10,3,5.0,3505.0,3121.0,889.0,0.0,0.0,3250.5,9.0,17,3,17,16,5,0,8,0,14,19,29,2,2,21,23,21,12,35,6,5,159,27,201,31,12.0,42.0,73.0,63.0,1.0,41.4,232,2010,3115,1327,1788,823,1964,328,68,2046,16,18,0,45,94,828,778,1256,778,275,238,149,66,25,25,478,426,35,10,2,3,2,0,2007-11,37004,9926,71250,54146,31633,4628,1724,203.6364,437,1092,978.0,234.5455,0.0173992673992674,0.024725274725274724,0.04212454212454213,0.055860805860805864
25025082000,17,12,48,33,0.4484451718494271,0.1800327332242225,1900.0,280000.0,40750.0,219610.0,10,2,4.0,3695.0,2735.0,388.0,-46625.0,-14.72,2750.5,8.0,17,6,22,20,8,0,12,0,6,30,38,1,9,31,33,31,22,40,10,9,194,13,233,33,22.0,79.0,41.0,84.0,1.0,39.5,266,2010,2815,1261,1554,703,1774,338,52,2087,9,19,1,47,66,534,695,1158,695,259,194,132,57,29,24,463,404,47,6,3,3,0,0,2007-11,33148,22362,68929,8534,16773,10303,1432,113.9394,556,729,1066.0,138.7879,0.023319615912208505,0.01646090534979424,0.06584362139917696,0.04526748971193416
25025082100,33,73,121,140,0.3815461346633416,0.3042394014962593,1925.0,303500.0,34000.0,228000.0,10,2,5.0,5982.0,3698.0,570.0,-42404.0,-12.83,3700.5,13.0,10,7,12,16,3,0,12,0,24,19,28,1,3,25,27,25,14,34,9,8,135,12,173,25,14.0,56.0,37.0,59.0,2.0,42.4,198,2010,5025,2122,2903,1581,2989,455,62,3093,21,32,1,44,111,1661,1265,2035,1265,471,338,239,124,58,35,770,698,56,12,3,1,0,0,2007-11,21585,7049,81450,30512,17524,4557,2368,170.303,391,1810,638.0,90.30303,0.018232044198895028,0.04033149171270718,0.06685082872928177,0.07734806629834254
25025090100,42,37,56,78,0.4170040485829959,0.1673414304993252,1910.0,292000.0,120000.0,225000.0,13,3,6.0,3848.0,3492.0,543.0,-35682.5,-9.59,3550.5,10.0,34,8,27,42,6,0,21,0,30,30,76,4,3,68,74,68,19,75,23,27,309,23,390,67,19.0,122.0,193.0,71.0,1.0,31.9,457,2010,4571,2040,2531,1312,2854,405,86,3231,28,30,1,51,115,1029,1099,1681,1099,337,316,221,131,58,36,582,473,75,18,7,8,0,1,2007-11,34153,6441,71450,16125,26939,5585,2195,186.0606,232,1770,1318.0,230.303,0.023728813559322035,0.020903954802259886,0.031638418079096044,0.04406779661016949
25025090200,28,18,15,49,0.3374233128834356,0.2361963190184049,1910.0,287377.0,100000.0,195000.0,12,3,6.0,3795.0,2900.0,519.0,0.0,0.0,3000.5,9.0,18,8,17,15,3,0,21,0,26,42,33,2,3,43,47,43,6,42,3,14,159,13,199,32,6.0,55.0,70.0,35.0,12.0,32.5,231,2010,2233,1012,1221,775,1289,169,40,1176,5,45,0,53,49,865,535,772,535,143,153,116,65,33,25,237,195,26,9,2,3,2,0,2007-11,18883,3697,69583,68788,17350,3056,798,39.39394,128,602,957.0,35.15152,0.046511627906976744,0.029900332225913623,0.024916943521594685,0.08139534883720931
25025090300,30,37,28,80,0.3511705685618729,0.2006688963210702,1905.0,239000.0,34900.0,169400.0,12,3,6.0,3400.0,3393.0,632.0,-20250.0,-7.26,3450.5,11.0,21,7,20,15,6,1,40,0,6,39,31,4,7,38,41,38,11,33,12,23,228,17,278,35,11.0,49.0,127.0,59.0,2.0,42.2,313,2010,3179,1386,1793,1079,1898,202,47,1854,8,19,1,73,95,1082,829,1123,829,257,248,168,92,46,18,294,242,33,14,3,1,0,1,2007-11,17068,6603,62177,18062,14146,4378,1274,98.18182,337,798,1063.0,187.2727,0.03759398496240601,0.046365914786967416,0.03508771929824561,0.10025062656641603
25025090400,18,16,18,38,0.3561797752808989,0.147191011235955,1905.0,230000.0,93070.0,126730.0,8,2,4.0,2712.0,2152.0,417.5,-19877.5,-10.0,2350.5,9.0,32,19,29,48,17,0,43,0,45,51,93,9,12,100,104,100,72,119,16,34,369,32,492,78,72.0,85.0,147.0,147.0,8.0,38.1,570,2010,3659,1726,1933,1151,2233,275,89,1900,18,32,2,236,177,1205,850,1148,850,193,232,187,118,71,49,298,233,47,7,6,3,1,1,2007-11,35093,6704,89605,32688,29630,11665,1525,102.4242,626,762,1040.0,151.5152,0.023622047244094488,0.02099737532808399,0.023622047244094488,0.049868766404199474
25025090600,9,9,14,13,0.3233532934131736,0.1586826347305389,1899.0,260299.0,48000.0,154275.0,8,2,4.0,2369.0,2330.0,485.0,-26387.5,-9.09,2350.5,10.0,17,7,19,23,9,0,15,0,12,30,39,8,0,36,35,36,18,40,7,13,151,9,186,34,18.0,51.0,56.0,52.0,3.0,40.0,220,2010,2348,1093,1255,653,1465,230,93,916,8,36,3,605,195,492,560,720,560,140,172,119,64,35,30,160,120,30,4,3,1,1,1,2007-11,50167,11878,54087,36609,36442,22731,938,77.57576,254,598,1381.0,53.93939,0.015050167224080268,0.015050167224080268,0.023411371237458192,0.021739130434782608
25025090700,10,39,33,58,0.399859943977591,0.2086834733893557,1905.0,288000.0,0.0,218000.0,5,2,2.0,1307.0,1251.0,767.0,25502.5,12.35,1250.5,10.0,37,8,25,10,7,0,81,0,13,40,21,6,1,72,76,72,40,33,15,42,511,34,589,46,40.0,46.0,116.0,384.0,2.0,33.1,635,2010,4275,2209,2066,634,3114,527,2597,370,10,747,0,72,100,379,839,1832,839,331,219,155,72,42,20,993,628,248,74,31,8,2,2,2007-11,38789,8626,67417,18814,33902,5992,1935,96.36364,572,1060,1536.0,263.6364,0.009433962264150943,0.03679245283018868,0.031132075471698113,0.05471698113207547
25025090901,40,29,45,45,0.0,0.3666666666666666,2005.0,1397015.0,1250000.0,0.0,0,0,0.0,94424.0,201924.0,324.0,447015.0,47.05,201950.5,5.0,4,0,0,0,0,0,2,0,2,1,0,0,0,2,2,2,0,0,0,0,2,3,1,4,,,,,,40.0,5,2010,3730,1799,1931,585,2968,177,1400,659,10,742,5,62,84,768,654,1540,654,290,179,97,52,18,18,886,396,287,88,105,8,2,0,2007-11,25523,7445,0,0,25523,7445,1597,70.90909,4,1322,2079.0,74.54546,0.030257186081694403,0.02193645990922844,0.0340393343419062,0.0340393343419062
25025091001,6,10,18,22,0.432512315270936,0.1743842364532019,1910.0,263732.5,28250.0,184500.0,5,1,2.0,1168.0,1142.5,942.0,33000.0,14.55,1150.5,11.0,18,6,24,13,5,0,20,0,56,42,21,5,1,57,63,57,59,30,21,25,442,28,516,30,59.0,44.0,48.0,348.0,3.0,35.5,546,2010,2742,1366,1376,460,1951,331,1599,298,0,517,2,32,82,212,555,1236,555,242,139,89,40,24,21,681,487,139,37,11,6,1,0,2007-11,63938,15944,101375,18816,31008,14542,1605,124.8485,540,814,1807.0,108.4848,0.007371007371007371,0.012285012285012284,0.022113022113022112,0.02702702702702703
25025091100,9,14,11,14,0.49768875192604,0.1540832049306625,1905.0,293000.0,0.0,230400.0,6,2,3.0,1384.0,1334.0,878.0,20500.0,5.13,1350.5,11.0,10,8,26,16,5,0,59,0,13,70,36,1,0,60,64,60,87,31,17,31,563,47,668,21,87.0,65.0,132.0,373.0,1.0,36.0,689,2010,4861,2502,2359,920,3537,404,2260,597,16,1215,0,130,177,466,1003,1792,1003,310,273,194,111,55,60,789,470,210,65,30,12,2,0,2007-11,63944,19582,105625,20488,42419,11424,2141,151.5152,906,1057,1797.0,98.78788,0.008514664143803218,0.013245033112582781,0.010406811731315043,0.013245033112582781
25025091200,9,9,13,20,0.5098814229249012,0.1646903820816864,1905.0,263155.0,37750.0,213350.0,6,1,3.0,1422.5,1314.0,739.0,22477.5,9.89,1350.5,11.0,10,7,13,12,6,0,16,0,13,25,24,4,0,42,43,42,43,26,12,12,308,16,350,24,43.0,29.0,68.0,216.0,0.0,31.3,374,2010,3234,1642,1592,750,2235,249,981,762,5,196,5,390,198,697,634,1160,634,210,148,120,94,33,29,526,351,129,27,9,5,3,2,2007-11,66463,10452,69545,46386,65625,22012,1301,103.0303,483,758,1213.0,98.18182,0.011873350923482849,0.011873350923482849,0.017150395778364115,0.026385224274406333
25025091300,16,14,11,30,0.4045174537987679,0.1806981519507187,1905.0,270603.5,0.0,158000.0,6,2,3.0,2472.5,1752.0,817.0,25000.0,10.79,1900.5,11.0,15,14,11,13,9,0,33,0,13,29,28,5,5,28,32,28,45,45,10,15,210,10,264,26,45.0,47.0,55.0,83.0,3.0,42.4,290,2010,2499,1206,1293,710,1604,185,165,869,6,81,1,644,201,532,577,790,577,130,155,121,95,40,36,213,170,31,5,3,4,0,0,2007-11,30691,2560,31429,31663,30175,6423,933,68.48485,285,558,990.0,157.5758,0.02867383512544803,0.025089605734767026,0.01971326164874552,0.053763440860215055
25025091400,19,16,12,42,0.4288288288288288,0.1765765765765765,1910.0,220000.0,70500.0,152000.0,7,2,3.0,3183.0,1698.0,367.0,3098.0,1.08,1650.5,9.0,11,12,8,19,3,0,22,0,34,16,38,3,2,32,33,32,71,30,12,8,217,8,246,29,71.0,56.0,33.0,73.0,1.0,46.9,275,2010,2741,1304,1437,717,1812,212,196,1267,6,26,1,262,181,802,611,879,611,179,168,116,86,32,30,268,229,21,11,3,2,1,1,2007-11,27708,10632,52333,17716,18681,6171,1166,93.93939,458,629,1065.0,161.8182,0.030206677265500796,0.025437201907790145,0.019077901430842606,0.06677265500794913
25025091500,25,16,16,30,0.5,0.1217672413793103,1905.0,271500.0,87000.0,200000.0,8,2,4.0,2345.0,1944.0,561.0,-40000.0,-14.72,2050.5,9.0,36,22,34,48,12,0,60,0,31,69,96,8,3,95,101,95,31,105,27,40,457,36,586,79,31.0,87.0,208.0,298.0,4.0,30.5,665,2010,4370,2094,2276,1183,2815,372,407,1735,8,202,0,749,352,917,987,1470,987,243,262,220,129,64,69,483,366,89,18,6,1,2,1,2007-11,41810,5960,72031,15605,31571,6775,1802,100.6061,689,922,1340.0,124.8485,0.027114967462039046,0.01735357917570499,0.01735357917570499,0.03253796095444685
25025091600,19,15,22,17,0.3898550724637681,0.2057971014492753,1905.0,250000.0,97500.0,178500.0,6,2,3.0,2333.0,1796.0,679.5,7000.0,2.89,1850.5,11.0,17,14,17,25,16,0,25,0,20,52,52,14,2,67,72,67,59,64,15,20,365,35,463,36,59.0,46.0,149.0,204.0,0.0,27.3,499,2010,3138,1508,1630,855,2038,245,385,1015,9,805,0,263,175,486,704,1043,704,182,169,147,118,48,40,339,263,55,14,4,0,1,2,2007-11,38116,5953,90500,24387,26415,10326,1176,76.9697,252,782,1363.0,114.5455,0.024296675191815855,0.01918158567774936,0.028132992327365727,0.021739130434782608
25025091700,9,15,25,22,0.4759259259259259,0.1148148148148148,1905.0,275000.0,135000.0,209950.0,11,3,5.0,3363.0,2919.0,607.0,-40000.0,-13.01,2950.5,10.0,37,16,36,41,6,0,25,0,24,43,85,3,11,80,82,80,29,81,35,23,328,38,428,77,29.0,58.0,211.0,161.0,7.0,31.3,505,2010,3069,1450,1619,902,1981,186,200,1440,10,127,0,456,204,632,711,917,711,154,193,159,108,53,44,206,141,40,11,10,3,0,1,2007-11,46807,5550,76250,24537,43138,8348,1118,83.63636,405,574,1661.0,121.8182,0.0156794425087108,0.02613240418118467,0.04355400696864112,0.03832752613240418
25025091800,18,18,24,21,0.4560906515580736,0.1430594900849858,1905.0,275000.0,128900.0,200200.0,12,3,6.0,3408.5,3038.5,460.5,1742.5,0.775,3050.5,10.0,25,15,31,39,10,0,28,0,34,55,71,6,10,98,104,98,62,68,29,21,335,29,426,56,62.0,69.0,222.0,67.0,8.0,31.1,482,2010,3452,1589,1863,1023,2112,317,132,1798,14,59,0,524,212,713,793,1042,793,191,191,177,122,55,57,249,190,34,13,9,0,1,2,2007-11,55473,14134,85845,27304,29128,17863,1359,104.8485,355,920,1450.0,146.6667,0.01956521739130435,0.01956521739130435,0.02608695652173913,0.02282608695652174
25025091900,20,20,52,61,0.4322916666666667,0.1158854166666666,1900.0,270000.0,115000.0,200749.0,10,2,5.0,3491.0,2460.0,483.0,-1000.0,-0.685,2450.5,10.0,18,20,21,38,11,0,14,0,31,20,67,4,3,61,64,61,74,69,15,23,291,15,359,54,74.0,93.0,96.0,82.0,10.0,30.0,413,2010,3860,1743,2117,1167,2406,287,94,2699,17,12,0,97,117,824,920,1244,920,223,251,218,118,61,49,324,270,34,9,7,1,2,1,2007-11,35144,9958,61912,17596,28900,7894,1557,112.7273,593,762,1489.0,138.1818,0.026246719160104987,0.026246719160104987,0.06824146981627296,0.08005249343832022
25025092000,21,23,44,47,0.5057339449541285,0.1192660550458715,1905.0,295000.0,133000.0,211125.0,12,2,6.0,3437.5,2886.0,591.0,-20450.0,-6.255,2950.5,10.0,22,17,34,49,15,0,30,0,22,57,93,11,6,77,89,77,100,95,41,27,382,39,518,66,100.0,152.0,204.0,92.0,3.0,31.7,584,2010,4945,2421,2524,1292,3208,445,258,2676,11,467,4,220,258,1051,1095,1532,1095,288,241,233,166,89,78,437,319,73,21,8,9,4,3,2007-11,44796,4998,67440,9749,32934,4708,1902,110.9091,624,1150,1615.0,165.4545,0.018260869565217393,0.02,0.03826086956521739,0.0408695652173913
25025092101,22,19,47,48,0.4765177548682703,0.1672394043528064,1905.0,265000.0,82500.0,199200.0,5,2,3.0,1520.0,1266.0,732.0,0.0,0.0,1250.5,10.0,58,24,53,54,26,1,97,0,38,105,103,18,6,136,146,136,181,122,31,57,847,68,1027,98,181.0,133.0,148.0,585.0,1.0,32.3,1125,2010,6451,3116,3335,1550,4279,622,1906,1413,10,2026,3,181,223,689,1409,2252,1409,414,369,315,156,82,73,843,621,155,40,13,8,3,3,2007-11,48700,10519,82168,19075,31211,10004,2996,264.2424,1177,1578,1411.0,149.697,0.01394169835234474,0.012040557667934094,0.029784537389100127,0.030418250950570342
25025092200,14,8,16,24,0.6047381546134664,0.1172069825436409,1905.0,315500.0,120000.0,221000.0,9,2,4.0,3772.0,2382.5,838.0,-2501.0,-1.78,2450.5,8.0,22,15,5,27,12,0,20,0,20,25,54,10,1,52,63,52,140,63,18,20,347,32,431,49,140.0,80.0,70.0,159.0,5.0,33.8,480,2010,3349,1625,1724,783,2267,299,740,1417,15,542,0,90,123,422,753,1134,753,214,194,153,100,55,37,381,247,99,19,6,7,2,1,2007-11,45848,8994,112188,44350,31655,6144,1171,92.12122,589,537,1342.0,103.6364,0.0260707635009311,0.0148975791433892,0.0297951582867784,0.0446927374301676
25025092300,15,18,29,32,0.4764991896272285,0.1539708265802269,1905.0,254950.0,132000.0,192025.0,11,3,6.0,3665.5,2820.5,488.0,-45967.0,-14.065,2850.5,8.0,25,7,26,40,13,0,20,0,41,38,71,10,6,53,56,53,72,83,20,14,290,13,364,56,72.0,61.0,172.0,61.0,2.0,29.3,420,2010,2893,1294,1599,842,1793,258,47,2222,5,21,0,41,99,458,686,956,686,181,186,148,82,59,30,270,207,39,14,6,4,0,0,2007-11,36765,6530,60833,45441,32804,5234,1170,76.9697,437,630,1702.0,172.7273,0.023809523809523808,0.02857142857142857,0.046031746031746035,0.050793650793650794
25025092400,47,32,70,100,0.3962732919254658,0.2198757763975155,1905.0,265000.0,105000.0,193500.0,11,3,5.0,3829.0,2998.0,374.0,-25055.0,-7.97,3050.5,9.0,33,19,39,49,16,0,36,0,41,60,99,11,7,86,95,86,30,114,17,40,328,32,455,76,30.0,71.0,186.0,164.0,13.0,30.9,531,2010,5277,2342,2935,1635,3215,427,56,3470,32,43,0,60,146,1470,1317,1873,1317,424,331,267,185,56,54,556,456,80,13,4,3,0,0,2007-11,26207,11813,54250,11504,21920,4969,2272,160.6061,432,1667,1067.0,255.1515,0.028194361127774445,0.01919616076784643,0.041991601679664065,0.059988002399520096
25025100100,19,22,38,70,0.4483159117305458,0.1579558652729384,1920.0,249950.0,68000.0,161598.5,8,2,4.0,3878.0,2496.0,420.0,2712.0,0.875,2650.5,9.0,33,19,28,30,19,0,43,0,27,50,57,12,8,66,68,66,64,75,15,15,337,30,411,61,64.0,75.0,135.0,105.0,7.0,36.7,472,2010,5510,2330,3180,1759,3261,490,57,3542,17,48,4,112,127,1603,1328,1895,1328,390,359,270,175,64,70,567,493,51,13,5,4,1,0,2007-11,22375,9606,77143,47808,17571,3101,2257,130.9091,515,1585,1320.0,231.5152,0.011987381703470032,0.0138801261829653,0.023974763406940065,0.04416403785488959
25025100200,15,16,29,33,0.4448,0.1472,1915.0,225000.0,73000.0,147070.0,7,2,3.0,3800.0,1691.0,442.0,762.5,0.27,1750.5,10.0,27,18,36,26,15,1,23,0,45,36,56,6,14,84,88,84,78,71,21,13,302,26,381,52,78.0,68.0,100.0,120.0,8.0,35.6,433,2010,2787,1217,1570,820,1753,214,37,2185,4,27,0,49,72,413,711,905,711,188,205,162,96,28,32,194,156,30,5,1,1,0,1,2007-11,41898,11258,71591,18645,34976,4836,1136,88.48485,547,521,1740.0,47.87879,0.028790786948176585,0.030710172744721688,0.05566218809980806,0.06333973128598848
25025100300,12,23,24,28,0.5281173594132029,0.10880195599022,1905.0,275000.0,110000.0,209000.0,10,2,5.0,4143.0,2333.0,455.0,-13550.0,-5.13,2350.5,9.0,17,11,27,47,5,0,19,0,23,50,90,2,7,63,71,63,98,82,18,12,337,14,404,59,98.0,112.0,114.0,98.0,8.0,31.7,463,2010,3303,1476,1827,917,2064,322,120,2643,7,23,0,65,93,352,826,1121,826,237,233,175,101,49,31,295,236,47,5,6,0,0,1,2007-11,45685,7104,64688,19457,30455,16206,1386,105.4545,611,732,1807.0,84.24242,0.01639344262295082,0.031420765027322405,0.03278688524590164,0.03825136612021858
25025100400,11,28,40,45,0.6399604352126608,0.0979228486646884,1915.0,296727.5,134500.0,233950.0,8,2,4.0,4196.0,2329.0,635.5,-42124.0,-12.53,2350.5,11.0,33,13,33,43,10,1,17,0,23,46,81,7,2,77,82,77,128,71,26,20,422,31,497,73,128.0,153.0,124.0,146.0,1.0,40.4,570,2010,4865,2171,2694,1159,3153,553,557,3320,19,233,0,110,169,457,1199,1695,1199,403,320,235,147,54,40,496,390,79,15,8,0,1,3,2007-11,52930,16901,90662,15252,31295,15837,2062,161.2121,962,971,1600.0,180.0,0.01132852729145211,0.028836251287332648,0.0411946446961895,0.046343975283213185
25025100500,34,34,39,62,0.4548083875632682,0.1634128705712219,1905.0,285000.0,122500.0,216000.0,8,2,4.0,3076.0,2171.0,621.5,-8000.0,-2.73,2250.5,11.0,53,28,34,40,24,1,65,0,37,55,84,20,14,135,147,135,146,114,40,49,597,52,768,84,146.0,102.0,209.0,302.0,10.0,34.6,852,2010,5989,2820,3169,1551,3866,572,796,3317,14,572,1,115,206,968,1449,2174,1449,465,394,303,150,74,63,725,544,139,23,14,2,2,1,2007-11,46605,5203,87143,65242,33257,14401,2737,231.5152,914,1646,1480.0,173.9394,0.020656136087484813,0.020656136087484813,0.023693803159173753,0.03766707168894289
25025100601,11,18,20,19,0.5650406504065041,0.1056910569105691,1912.0,244500.0,76500.0,193500.0,6,1,3.0,1180.0,1173.0,801.0,3805.0,2.27,1150.5,9.0,25,14,22,43,25,1,49,0,52,74,76,18,3,110,119,110,144,96,20,42,741,54,886,67,144.0,137.0,87.0,567.0,0.0,29.1,953,2010,5154,2534,2620,1148,3509,497,2102,1418,8,839,2,174,133,478,1162,2028,1162,397,302,236,128,50,49,866,615,210,31,5,4,1,0,2007-11,53616,4895,82929,18202,46004,8779,2242,141.2121,891,1196,1711.0,69.69697,0.00919732441471572,0.015050167224080268,0.016722408026755852,0.01588628762541806
25025100603,3,4,6,2,0.4733333333333333,0.16,1920.0,266500.0,0.0,202200.0,5,2,2.0,1746.0,1334.0,728.0,7000.0,2.84,1350.5,11.0,31,10,12,7,3,1,83,0,27,42,15,4,0,46,49,46,81,24,6,19,387,21,419,38,81.0,63.0,25.0,244.0,2.0,37.2,457,2010,1904,938,966,371,1231,302,1314,235,1,160,1,20,44,129,384,754,384,147,95,75,45,13,9,370,263,82,15,8,2,0,0,2007-11,63594,22450,86125,18282,39811,19241,911,73.93939,556,298,1702.0,89.09091,0.010067114093959731,0.013422818791946308,0.020134228187919462,0.006711409395973154
25025100700,2,5,7,6,0.6247531270572745,0.1026991441737985,1925.0,290000.0,0.0,232000.0,6,2,3.0,3303.0,1392.0,1020.5,35000.0,14.36,1350.5,12.0,13,4,30,11,6,0,20,0,13,37,25,4,1,46,50,46,236,39,16,21,583,26,663,22,236.0,122.0,29.0,267.0,2.0,44.4,685,2010,4322,2092,2230,874,2759,689,3847,152,5,167,0,16,34,101,1003,1873,1003,403,249,191,110,34,16,870,651,184,31,4,0,0,0,2007-11,68467,6561,83750,15903,53462,17839,2016,108.4848,973,819,1214.0,147.2727,0.002442002442002442,0.006105006105006105,0.008547008547008548,0.007326007326007326
25025100800,16,16,22,59,0.6346389228886169,0.1034271725826193,1920.0,299000.0,69000.0,222800.0,6,2,3.0,3290.0,1547.0,976.5,30000.0,10.86,1550.5,10.0,27,17,23,15,7,0,68,0,33,44,34,7,1,72,78,72,282,48,21,21,766,31,842,45,282.0,147.0,41.0,377.0,1.0,38.9,887,2010,5546,2648,2898,1057,3704,785,2896,1364,15,614,1,62,182,412,1216,2524,1216,513,299,208,122,47,27,1308,1006,253,33,10,1,4,1,2007-11,60813,15378,98879,12089,35938,16656,2941,200.0,1292,1562,1483.0,82.42424,0.010243277848911651,0.010243277848911651,0.014084507042253521,0.03777208706786172
25025100900,6,15,21,17,0.6484375,0.1203125,1925.0,269950.0,110000.0,212925.0,6,2,3.0,4492.0,1530.0,636.5,9050.0,6.34,1550.5,10.0,28,13,24,27,10,0,28,0,19,70,59,4,0,72,77,72,238,55,16,26,445,26,515,53,238.0,114.0,34.0,140.0,2.0,40.3,568,2010,4072,1887,2185,880,2780,412,933,2342,0,278,0,56,113,350,996,1610,996,343,302,187,84,44,36,614,482,112,16,3,0,0,1,2007-11,56125,6913,68889,6099,40330,13927,1817,107.8788,1086,583,1653.0,212.7273,0.010291595197255575,0.025728987993138937,0.036020583190394515,0.029159519725557463
25025101001,41,31,64,61,0.5291170945522855,0.0814026299311208,1931.0,235000.0,79000.0,191500.0,7,2,3.0,4200.0,1530.0,655.5,-850.5,-0.265,1550.5,11.0,29,19,30,42,9,0,41,0,23,43,82,6,2,75,84,75,338,71,14,12,522,19,571,67,338.0,116.0,25.0,101.0,5.0,44.8,638,2010,5480,2463,3017,1223,3529,728,133,4551,18,13,0,44,127,594,1411,2127,1411,519,395,254,139,56,48,716,619,77,13,5,1,1,0,2007-11,62446,18697,87000,18989,26295,13781,2610,163.6364,972,1297,1535.0,92.72727,0.03161141094834233,0.023901310717039322,0.04934464148033924,0.047031611410948346
25025101002,21,16,77,105,0.6311207834602829,0.0729053318824809,1935.0,273461.0,67000.0,211875.0,8,2,4.0,5006.0,1800.0,510.0,-19026.0,-6.295,1850.5,9.0,13,9,17,30,4,0,12,0,17,37,50,3,3,50,53,50,169,52,9,8,317,11,353,44,169.0,161.0,18.0,11.0,6.0,41.8,397,2010,4979,2175,2804,1193,3052,734,201,3834,19,53,0,47,132,693,1269,1968,1269,503,357,218,110,51,30,699,618,69,9,2,1,0,0,2007-11,36128,3760,107985,24594,30745,7914,2358,175.1515,651,1677,1140.0,128.4848,0.012522361359570662,0.009540846750149075,0.045915324985092425,0.0626118067978533
25025101101,13,13,32,32,0.5596026490066225,0.0960264900662251,1920.0,274950.0,60475.0,217525.0,11,2,5.0,4376.5,2692.0,532.0,16882.5,7.545,2750.5,10.0,26,13,26,24,4,0,30,0,28,36,44,2,2,61,62,61,48,51,16,14,262,25,325,43,48.0,125.0,84.0,57.0,10.0,40.2,368,2010,3155,1457,1698,901,1921,333,29,2532,7,2,0,10,96,479,788,1048,788,212,224,178,98,45,31,260,203,41,8,3,4,1,0,2007-11,58672,13695,59219,14397,54453,39138,1305,89.09091,496,704,1855.0,142.4242,0.018465909090909092,0.018465909090909092,0.045454545454545456,0.045454545454545456
25025101102,27,34,63,61,0.4393139841688654,0.1332453825857519,1905.0,288000.0,79000.0,221000.0,9,2,4.0,3589.0,2974.0,631.0,7020.0,1.96,3050.5,10.0,27,20,18,25,6,1,30,0,41,29,45,2,8,72,79,72,55,67,29,19,354,22,446,45,55.0,50.0,181.0,144.0,5.0,35.0,491,2010,4396,1992,2404,1233,2704,459,54,3692,15,24,3,3,84,521,1083,1511,1083,325,293,232,138,58,37,428,334,52,27,11,2,1,1,2007-11,32854,9266,50391,14653,27500,7866,1920,118.7879,520,1223,1557.0,114.5455,0.022076860179885527,0.027800490596892886,0.05151267375306623,0.04987735077677841
25025110201,6,17,33,31,0.561965811965812,0.1282051282051282,1945.0,269500.0,94750.0,201096.0,6,2,3.0,4771.5,1549.0,731.0,15000.0,7.24,1550.5,8.0,5,3,10,13,2,0,7,0,11,14,25,1,1,27,28,27,101,19,11,11,185,10,221,15,101.0,36.0,14.0,61.0,3.0,39.0,236,2010,2051,943,1108,492,1362,197,411,795,13,42,0,15,41,734,523,815,523,191,154,98,50,20,10,292,235,44,9,2,1,0,1,2007-11,54263,6849,85956,32222,27850,10150,949,62.42424,394,511,1150.0,213.9394,0.011741682974559686,0.033268101761252444,0.06457925636007827,0.060665362035225046
25025110301,4,2,8,5,0.6172450052576236,0.103049421661409,1938.0,280000.0,85000.0,220000.0,6,2,3.0,4000.0,1310.0,916.0,29000.0,12.09,1350.5,8.0,13,7,16,11,1,0,47,0,11,33,26,2,1,48,42,48,204,17,11,15,411,15,444,25,204.0,68.0,13.0,165.0,0.0,46.7,469,2010,2405,1105,1300,560,1636,209,955,602,13,60,0,19,64,692,589,898,589,199,152,137,61,22,18,309,221,75,6,5,1,0,1,2007-11,72159,19524,86750,24547,67543,20035,1061,62.42424,780,225,1498.0,202.4242,0.017777777777777778,0.008888888888888889,0.035555555555555556,0.022222222222222223
25025110401,6,6,16,12,0.6299603174603174,0.1051587301587301,1920.0,276500.0,97500.0,216000.0,6,2,3.0,1802.0,1725.0,879.5,22500.0,8.33,1750.5,9.0,26,9,16,19,3,1,42,0,19,39,36,2,2,46,48,46,107,38,12,20,402,11,437,46,107.0,68.0,32.0,255.0,1.0,35.4,483,2010,3566,1663,1903,868,2382,316,1117,945,5,92,5,14,79,1309,908,1285,908,294,277,191,78,40,28,377,257,101,10,9,0,0,0,2007-11,48750,20476,82396,14862,32250,12453,1522,98.78788,637,852,1703.0,67.87878,0.007042253521126761,0.007042253521126761,0.018779342723004695,0.014084507042253521
25025110403,2,8,9,4,0.7199444058373871,0.064628214037526,1931.0,305000.0,117000.0,240000.0,6,2,3.0,4216.0,1450.0,948.5,26000.0,9.83,1450.5,11.0,17,15,17,21,18,1,33,2,25,32,47,9,1,75,77,75,343,59,9,15,643,29,715,40,343.0,107.0,17.0,265.0,3.0,41.7,755,2010,4309,1953,2356,912,2877,520,2148,895,10,110,4,46,94,1002,1064,1675,1064,368,300,219,116,32,29,611,460,125,17,5,3,0,1,2007-11,65417,10282,93897,8006,31696,5966,1960,94.54546,1370,557,1841.0,143.0303,0.003590664272890485,0.01436265709156194,0.01615798922800718,0.00718132854578097
25025110501,0,3,2,1,0.7093023255813954,0.0822898032200357,1920.0,350000.0,15000.0,275000.0,7,2,3.0,4468.0,1686.0,1268.5,52000.0,18.65,1650.5,13.0,1,2,7,2,0,0,19,0,3,22,5,0,0,25,25,25,255,5,4,6,424,16,451,4,255.0,70.0,11.0,111.0,0.0,41.8,455,2010,3253,1547,1706,685,2149,419,2299,321,1,91,0,10,70,461,824,1300,824,325,216,179,70,19,15,476,338,117,15,3,1,0,2,2007-11,77201,11244,93810,26750,67679,32300,1411,88.48485,866,523,2010.0,169.697,0.0,0.0057361376673040155,0.0038240917782026767,0.0019120458891013384
25025110502,2,5,14,5,0.5781600598354525,0.1039640987284966,1920.0,308500.0,75500.0,237500.0,6,2,3.0,3500.0,1530.0,1038.0,26000.0,11.76,1550.5,10.0,16,7,23,19,6,0,42,0,15,36,38,4,2,58,62,58,213,43,10,13,586,23,641,34,213.0,115.0,32.0,280.0,3.0,37.6,675,2010,3806,1811,1995,762,2588,456,2070,625,5,113,0,29,88,876,901,1580,901,324,250,200,80,29,18,679,507,146,18,4,2,2,0,2007-11,53789,7346,92786,19401,38296,2923,1882,164.8485,768,1019,1703.0,117.5758,0.001962708537782139,0.004906771344455349,0.013738959764474975,0.004906771344455349
25025110601,1,4,0,0,0.8013120899718837,0.0524835988753514,1938.0,407250.0,165250.0,299050.0,7,2,3.0,6107.5,1632.0,1088.0,64000.0,14.79,1650.5,13.0,1,1,10,3,1,0,1,0,1,22,5,1,0,28,30,28,359,5,3,11,380,11,408,2,359.0,18.0,0.0,27.0,2.0,43.4,410,2010,2969,1301,1668,520,1545,904,2580,76,7,131,1,13,39,122,690,1235,690,318,160,128,62,14,8,545,459,75,9,1,0,1,0,2007-11,89931,15083,103880,13525,48750,18674,1461,116.9697,1096,331,3501.0,,0.0030211480362537764,0.012084592145015106,0.0,0.0
25025110607,2,2,5,7,0.6152647975077882,0.1121495327102803,1920.0,330000.0,0.0,256000.0,6,2,3.0,3000.0,1448.0,1127.0,34500.0,11.75,1450.5,13.0,8,6,4,4,2,1,32,0,5,54,12,1,2,49,53,49,276,11,3,9,708,22,739,14,276.0,90.0,15.0,359.0,0.0,39.6,753,2010,5077,2283,2794,842,3254,981,4085,263,6,128,0,29,79,487,1137,2089,1137,486,301,232,87,22,9,952,722,196,21,6,4,1,2,2007-11,76414,13501,102694,18879,54250,13729,2151,137.5758,1347,652,2018.0,152.1212,0.003067484662576687,0.003067484662576687,0.007668711656441718,0.010736196319018405
25025120103,1,0,1,1,0.6306818181818182,0.1463068181818181,1910.0,530000.0,175000.0,329000.0,7,2,3.0,2066.0,1947.0,1290.0,48000.0,9.02,1950.5,14.0,9,3,5,0,0,0,19,0,10,15,4,0,0,18,19,18,73,3,3,1,309,7,314,9,73.0,24.0,3.0,215.0,0.0,39.6,323,2010,1508,696,812,271,1067,170,1270,55,1,54,0,8,43,77,367,660,367,160,116,71,17,3,0,293,188,71,18,11,5,0,0,2007-11,172852,49837,175368,27552,92500,56615,745,28.48485,536,204,2161.0,369.697,0.004901960784313725,0.0,0.004901960784313725,0.004901960784313725
25025120104,1,0,2,2,0.5005793742757821,0.1077636152954808,1905.0,307500.0,54000.0,231000.0,5,1,2.0,1035.0,1015.0,1186.0,51500.0,16.55,1050.5,13.0,2,1,7,2,0,0,20,0,2,24,4,0,0,37,37,37,51,3,1,8,398,7,413,4,51.0,21.0,10.0,331.0,0.0,29.5,417,2010,2095,892,1203,349,1614,132,1359,150,2,126,0,8,43,407,402,1000,402,170,126,77,19,7,3,598,353,202,29,10,3,0,1,2007-11,65526,9800,76806,32626,48281,30457,1122,64.84849,567,506,1832.0,114.5455,0.001976284584980237,0.0,0.003952569169960474,0.003952569169960474
25025120105,0,1,1,0,0.744346116027532,0.1140609636184857,1955.0,457000.0,152750.0,239375.0,6,2,3.0,5544.0,1602.0,1078.0,50500.0,17.24,1650.5,12.0,7,6,15,4,2,0,1,0,5,46,5,3,1,57,58,57,324,10,10,13,556,23,600,12,324.0,1.0,0.0,274.0,3.0,35.0,612,2010,2444,1062,1382,427,1458,559,1890,117,2,209,1,5,70,150,560,898,560,298,115,104,32,9,2,338,226,100,11,1,0,0,0,2007-11,168125,19036,173365,19853,46964,58534,1013,59.39394,863,118,2990.0,233.3333,0.0,0.00847457627118644,0.00847457627118644,0.0
25025120201,9,28,50,23,0.4757118927973199,0.1591289782244556,1910.0,282250.0,0.0,223600.0,5,1,2.0,1003.0,986.0,1137.0,31900.0,15.01,950.5,13.0,15,6,12,0,2,0,56,0,16,43,3,0,0,50,51,50,33,13,2,9,611,15,634,16,33.0,19.0,37.0,531.0,1.0,27.5,650,2010,3439,1577,1862,503,2666,270,1903,510,7,115,0,28,76,800,646,1659,646,299,192,105,30,12,8,1013,592,321,80,17,3,0,0,2007-11,64636,11485,108039,12707,50368,7069,2109,184.8485,595,1415,1813.0,177.5758,0.0063604240282685515,0.019787985865724382,0.0353356890459364,0.01625441696113074
25025120301,9,15,17,32,0.4930139720558882,0.1423819028609447,1905.0,293500.0,0.0,220000.0,5,1,2.0,1236.0,1168.0,1041.5,36000.0,14.77,1150.5,10.0,18,11,26,20,4,0,92,0,35,56,43,5,2,71,70,71,72,43,19,24,699,40,788,37,72.0,72.0,79.0,566.0,1.0,32.8,825,2010,4795,2312,2483,862,3587,346,1908,789,9,136,0,28,104,1821,949,1784,949,343,249,186,99,35,37,835,454,242,93,35,8,3,0,2007-11,61599,9682,93558,25794,41394,13530,2129,138.1818,1038,1023,2119.0,107.8788,0.008797653958944282,0.01466275659824047,0.016617790811339198,0.03128054740957967
25025120400,15,20,18,15,0.5517241379310345,0.1172413793103448,1910.0,360000.0,107890.0,255900.0,5,1,2.0,1249.0,1194.0,1158.0,41000.0,14.1,1250.5,14.0,19,8,17,6,1,0,127,0,11,89,10,1,2,85,91,85,120,15,8,18,1193,20,1232,22,120.0,61.0,28.0,1011.0,2.0,31.1,1254,2010,5751,2631,3120,673,4448,630,4344,383,13,259,2,24,160,566,999,2710,999,506,264,156,47,18,8,1711,1069,458,101,48,16,10,9,2007-11,86587,20263,112520,11492,48438,14382,3044,188.4848,1503,1497,1887.0,287.8788,0.01002004008016032,0.013360053440213761,0.012024048096192385,0.01002004008016032
25025120500,1,6,5,5,0.4699367088607595,0.1392405063291139,1905.0,336000.0,500.0,251200.0,6,2,3.0,1663.0,1517.0,877.0,25100.0,6.865,1550.5,12.0,5,7,14,10,1,0,26,0,48,15,17,0,1,34,36,34,37,13,3,12,291,16,323,12,37.0,28.0,59.0,189.0,2.0,31.0,335,2010,2331,1099,1232,421,1734,176,764,232,6,63,0,22,49,1195,450,852,450,140,120,94,52,29,15,402,186,112,72,29,2,1,0,2007-11,47150,15009,84844,41203,43239,19202,1189,158.1818,487,658,1522.0,161.2121,0.001519756838905775,0.00911854103343465,0.007598784194528876,0.007598784194528876
25025120600,1,2,2,1,0.529482551143201,0.1143200962695547,1905.0,363300.0,0.0,268600.0,5,1,2.0,1278.5,1239.5,1314.0,22750.0,7.3,1250.5,10.0,8,5,15,3,2,0,48,0,15,24,5,2,1,26,24,26,33,5,2,10,418,9,434,10,33.0,38.0,18.0,342.0,1.0,34.5,444,2010,2335,1046,1289,268,1957,110,1751,115,3,79,1,15,70,301,417,1054,417,205,128,53,23,5,3,637,286,232,80,27,9,1,2,2007-11,85465,18464,99177,10685,71250,9037,1158,113.3333,583,553,2345.0,92.12122,0.0018083182640144665,0.003616636528028933,0.003616636528028933,0.0018083182640144665
25025120700,1,2,3,6,0.4460694698354662,0.1261425959780621,1910.0,302000.0,102650.0,226400.0,5,1,2.0,1057.0,1032.0,1148.5,40000.0,15.43,1050.5,12.0,4,5,6,2,0,0,22,0,7,17,5,0,0,31,31,31,19,4,1,13,373,8,394,5,19.0,10.0,21.0,334.0,0.0,26.6,399,2010,2014,979,1035,207,1565,242,1267,169,3,169,0,8,44,354,382,983,382,211,104,48,10,7,2,601,377,155,39,18,12,0,0,2007-11,72746,7748,92750,33235,53438,23600,1031,71.51515,615,353,2090.0,228.4848,0.0028328611898017,0.0056657223796034,0.0084985835694051,0.0169971671388102
25025130200,1,2,8,4,0.7011686143572621,0.1112966054535336,1925.0,405000.0,120000.0,300000.0,7,2,3.0,5500.0,1760.0,1106.0,75000.0,20.15,1750.5,11.0,21,5,20,2,0,0,19,0,4,44,4,0,1,45,46,45,472,5,8,15,617,26,650,21,472.0,79.0,2.0,78.0,6.0,47.8,671,2010,4506,2123,2383,884,2871,751,3913,110,7,209,1,7,52,207,1152,1829,1152,481,304,225,99,26,17,677,518,137,16,4,1,1,0,2007-11,102328,7784,105700,7526,86167,16858,2025,121.8182,1413,552,1740.0,330.9091,0.0018115942028985507,0.0036231884057971015,0.014492753623188406,0.007246376811594203
25025130300,1,3,5,6,0.7375722543352601,0.0884393063583815,1930.0,415000.0,45000.0,300000.0,7,2,3.0,5550.0,1752.5,1223.0,71650.0,19.825,1750.5,11.0,14,4,14,3,1,0,17,0,5,45,6,1,0,49,50,49,530,12,8,20,647,25,695,17,530.0,53.0,2.0,100.0,3.0,43.5,712,2010,4419,2079,2340,982,2746,691,3677,139,3,230,2,13,85,270,1164,1756,1164,461,312,233,104,41,13,592,457,115,12,7,1,0,0,2007-11,87477,20746,112768,13080,52301,12500,1866,101.2121,1322,403,1787.0,130.303,0.0024813895781637717,0.007444168734491315,0.01240694789081886,0.01488833746898263
25025130402,7,12,18,25,0.6195488721804512,0.1052631578947368,1950.0,315000.0,69500.0,240000.0,6,2,3.0,4892.0,1352.0,998.0,42500.0,18.825,1350.5,10.0,21,11,18,7,2,1,26,0,17,71,6,0,3,79,86,79,544,20,14,23,745,24,800,26,544.0,75.0,1.0,158.0,9.0,42.3,826,2010,4637,2193,2444,860,2906,871,3695,177,2,389,2,18,54,300,1153,2102,1153,515,268,226,100,37,7,949,810,122,7,6,3,0,1,2007-11,76303,4843,88750,26946,32239,41502,2257,187.8788,1631,626,,,0.011182108626198083,0.019169329073482427,0.02875399361022364,0.039936102236421724
25025130404,4,5,10,9,0.413856529736358,0.0895156345800122,1957.5,285750.0,96250.0,214940.0,6,2,3.0,4100.0,1304.0,978.5,36000.0,13.33,1350.5,11.0,8,8,9,8,6,0,24,0,22,26,12,6,3,52,53,52,282,17,10,13,478,14,517,15,282.0,28.0,5.0,193.0,4.0,37.4,532,2010,2901,1264,1637,476,1719,706,2054,204,1,231,1,18,43,349,653,1258,653,267,169,134,52,22,9,605,526,73,4,2,0,0,0,2007-11,76424,12705,83304,20159,49828,12099,1388,70.30303,723,610,1638.0,87.27273,0.006557377049180328,0.00819672131147541,0.01639344262295082,0.014754098360655738
25025130406,50,126,20,40,0.630071599045346,0.0859188544152744,1960.0,300000.0,77000.0,212000.0,6,2,3.0,4800.0,1429.0,1002.5,27400.0,10.87,1450.5,12.0,6,6,15,7,2,0,6,0,39,25,18,2,3,26,27,26,200,18,6,8,349,10,379,12,200.0,19.0,7.0,144.0,1.0,41.4,391,2010,5107,2244,2863,1537,2943,627,1594,2063,8,256,0,23,103,1060,1327,2112,1327,521,376,266,101,46,17,785,682,94,7,1,1,0,0,2007-11,29271,9726,73523,24753,20739,7772,2469,160.0,518,1850,1268.0,107.8788,0.02702702702702703,0.0681081081081081,0.010810810810810811,0.021621621621621623
25025140102,11,12,19,18,0.6328471781864299,0.1065313887127457,1950.0,300000.0,113000.0,248000.0,7,2,3.0,5665.0,1584.0,652.5,26500.0,12.22,1550.5,9.0,26,12,30,33,7,0,46,0,24,56,59,7,0,87,88,87,440,74,14,22,590,15,656,59,440.0,114.0,17.0,83.0,3.0,42.8,715,2010,4401,2138,2263,1128,2734,539,1699,1717,4,88,1,38,99,755,1083,1548,1083,339,252,241,150,60,41,465,381,69,11,2,2,0,0,2007-11,57336,8408,74040,11904,30456,6117,1895,129.697,1352,497,1414.0,114.5455,0.022132796780684104,0.02414486921529175,0.03822937625754527,0.03621730382293763
25025140105,10,4,11,9,0.7079796264855688,0.0721561969439728,1942.0,292250.0,115000.0,246018.5,7,2,3.0,5450.0,1417.5,1057.0,31250.0,9.96,1450.5,10.0,14,8,8,12,8,0,18,0,8,37,25,7,0,37,40,37,351,27,7,18,456,14,499,23,351.0,90.0,22.0,35.0,1.0,48.1,522,2010,3675,1714,1961,856,2406,413,1305,1232,3,56,2,32,90,955,932,1274,932,296,248,201,107,44,36,342,268,55,12,5,1,0,1,2007-11,74205,20438,83452,10630,58638,8614,1369,72.72727,883,435,1848.0,366.0606,0.022988505747126436,0.009195402298850575,0.02528735632183908,0.020689655172413793
25025140106,12,46,43,54,0.5555555555555556,0.1111111111111111,1925.0,333000.0,115000.0,280500.0,8,2,4.0,6770.0,1906.0,1553.0,61287.0,26.08,1950.5,3.0,0,0,0,1,0,0,0,0,2,0,2,0,0,2,2,2,16,1,1,0,36,1,38,1,16.0,13.0,4.0,4.0,1.0,41.0,39,2010,1901,832,1069,541,1140,220,278,930,7,30,0,13,48,595,456,791,456,150,132,90,58,15,11,335,294,37,3,0,0,1,0,2007-11,27841,10935,107321,47749,21827,9399,1127,98.78788,132,908,1445.0,225.4545,0.013215859030837005,0.05066079295154185,0.0473568281938326,0.05947136563876652
25025140107,5,4,13,6,0.6466165413533834,0.0927318295739348,1925.0,295000.0,110000.0,237965.0,7,2,3.0,5358.0,1653.5,928.0,14750.0,5.86,1650.5,10.0,14,8,14,20,4,0,25,0,18,38,36,4,0,45,48,45,238,37,10,10,372,21,422,28,238.0,107.0,14.0,66.0,4.0,44.7,450,2010,2531,1202,1329,552,1644,335,891,898,12,56,0,16,40,618,610,977,610,186,183,122,75,20,24,367,316,46,3,1,1,0,0,2007-11,52829,9161,69732,24688,45446,30808,1165,95.15151,748,356,1080.0,403.0303,0.014044943820224719,0.011235955056179775,0.03651685393258427,0.016853932584269662
25025140201,14,14,24,15,0.5334476843910806,0.1698113207547169,1920.0,305000.0,78000.0,240000.0,7,2,3.0,5223.0,1554.0,616.0,29000.0,7.46,1550.5,12.0,20,5,10,10,3,0,11,0,4,28,23,2,1,36,36,36,123,20,3,11,233,6,243,30,123.0,75.0,15.0,26.0,1.0,42.5,273,2010,2072,999,1073,469,1364,239,978,607,7,51,0,39,49,341,501,861,501,177,140,112,41,16,15,360,295,63,2,0,0,0,0,2007-11,60000,22942,73269,30288,51042,18366,1023,92.12122,457,513,1472.0,69.09091,0.02729044834307992,0.02729044834307992,0.04678362573099415,0.029239766081871343
25025140202,4,19,26,16,0.7442472057856673,0.0539119000657462,1948.0,318000.0,107500.0,264000.0,7,2,3.0,6500.0,1665.0,975.5,47000.0,14.69,1650.5,11.0,13,11,15,22,11,0,18,0,8,45,43,2,0,53,60,53,463,44,9,12,644,19,693,35,463.0,172.0,23.0,52.0,4.0,45.2,728,2010,5600,2629,2971,1371,3508,721,2400,1784,10,117,3,38,113,1135,1358,1952,1358,440,345,295,179,59,40,594,476,105,7,4,1,1,0,2007-11,66900,9843,90000,13361,36173,17222,2201,98.18182,1310,851,1201.0,202.4242,0.004700352526439483,0.022326674500587545,0.03055229142185664,0.01880141010575793
25025140300,19,23,63,55,0.5691056910569106,0.1369606003752345,1920.0,303000.0,115000.0,245000.0,7,2,4.0,5286.0,1852.0,651.0,4100.0,1.295,1850.5,10.0,44,21,47,40,12,0,76,0,31,75,90,4,1,95,102,95,253,87,21,21,658,24,733,78,253.0,231.0,66.0,162.0,2.0,42.4,811,2010,6382,3015,3367,1469,4042,871,1184,3448,19,85,0,54,118,1474,1477,2353,1477,432,401,306,183,87,68,876,749,97,22,1,5,1,1,2007-11,54640,8767,98281,32298,30795,10100,2870,248.4848,1286,1484,1624.0,213.9394,0.012803234501347708,0.01549865229110512,0.04245283018867924,0.03706199460916442
25025140400,28,30,53,56,0.64235391628678,0.0642353916286779,1950.0,239000.0,75000.0,181050.0,7,2,3.0,4400.0,1368.0,706.0,0.0,0.0,1350.5,9.0,39,29,35,61,15,0,43,0,38,111,119,9,2,116,120,116,525,116,32,24,900,35,1015,92,525.0,172.0,35.0,326.0,6.0,44.0,1107,2010,7650,3532,4118,1745,4895,1010,666,5425,30,71,4,45,180,1229,1944,2743,1944,631,511,421,208,96,77,799,688,84,19,4,4,0,0,2007-11,52644,9182,68889,15444,34864,10237,3170,187.2727,1857,1234,1617.0,82.42424,0.022690437601296597,0.024311183144246355,0.04294975688816856,0.04538087520259319
25025980300,0,0,0,0,0.0,0.0,1920.0,267000.0,80000.0,200250.0,5,1,2.0,1030.0,1030.0,1044.5,38750.0,17.54,1050.5,24.0,0,0,0,0,0,0,2,0,1,2,0,0,0,0,1,0,0,0,0,1,24,0,25,0,0.0,0.0,0.0,25.0,0.0,8.0,25,2010,338,258,80,4,312,22,147,107,2,10,0,0,4,68,0,2,0,0,0,0,0,0,0,2,2,0,0,0,0,0,0,2007-11,0,0,0,0,0,0,0,7.878788,0,0,,,0.0,0.0,0.0,0.0
25025980700,1,0,0,0,0.0,0.0,1925.0,176000.0,63000.0,135000.0,3,1,1.0,629.0,629.0,899.0,23500.0,16.07,650.5,15.0,0,0,1,1,0,0,0,0,2,0,1,0,0,4,4,4,3,1,1,0,41,0,42,1,3.0,0.0,0.0,38.0,0.0,34.9,43,2010,6,2,4,0,4,2,5,0,0,0,1,0,0,0,2,4,2,2,0,0,0,0,0,2,2,0,0,0,0,0,0,2007-11,0,0,0,0,0,0,0,7.878788,0,0,,,0.0,0.0,0.0,0.0
25025981000,0,0,0,0,0.0,0.0,1910.0,420000.0,280000.0,327000.0,5,2,2.0,3120.0,2449.0,579.5,23750.0,5.985,2450.5,14.0,2,0,0,0,0,0,1,0,1,1,0,0,0,4,4,4,2,0,1,0,16,0,15,2,2.0,2.0,0.0,7.0,0.0,17.6,17,2010,22,13,9,8,14,0,3,14,0,0,0,0,5,0,3,5,3,0,0,1,0,1,1,2,1,0,1,0,0,0,0,2007-11,0,0,0,0,0,0,0,7.878788,0,0,,,0.0,0.0,0.0,0.0
25025981100,0,0,6,21,0.4297520661157025,0.1487603305785124,2009.0,289000.0,0.0,234400.0,5,2,2.0,1152.0,1150.0,,,,1150.5,,0,0,1,0,0,0,3,0,0,2,0,0,0,0,0,0,2,0,0,0,11,0,11,0,2.0,0.0,0.0,9.0,0.0,45.5,11,2010,418,287,131,95,316,7,84,228,0,13,0,2,6,85,68,85,68,35,24,4,2,1,2,17,17,0,0,0,0,0,0,2007-11,15385,11569,0,0,15385,11569,5,4.242424,0,5,,,0.0,0.0,1.0,1.0
25025981201,0,0,0,0,0.0,0.0,1920.0,626000.0,0.0,417000.0,5,2,2.0,1405.0,1405.0,852.0,48000.0,15.815,1450.5,4.0,0,0,0,0,0,0,0,0,2,1,0,0,0,1,1,1,0,0,1,0,6,0,7,0,0.0,0.0,0.0,6.0,0.0,14.3,7,2010,0,0,0,0,0,0,0,0,0,0,0,0,0,0,0,0,0,0,0,0,0,0,0,0,0,0,0,0,0,0,0,2007-11,0,0,0,0,0,0,0,7.878788,0,0,,,0.0,0.0,0.0,0.0
25025981202,0,0,0,0,0.0,0.3131313131313131,2005.0,242800.0,0.0,187200.0,4,1,1.0,903.0,903.0,949.0,40099.5,14.53,950.5,11.0,2,0,0,0,0,0,29,0,2,5,0,0,0,6,6,6,0,0,4,0,53,4,59,2,0.0,0.0,0.0,58.0,0.0,29.5,61,2010,207,199,8,0,207,0,155,11,0,2,1,0,1,37,0,0,0,0,0,0,0,0,0,0,0,0,0,0,0,0,0,2007-11,0,0,0,0,0,0,0,7.878788,0,0,,,0.0,0.0,0.0,0.0
25025981300,1,0,0,2,0.4741379310344827,0.0632183908045977,1910.0,273950.0,0.0,205491.0,2,1,1.0,870.0,901.5,919.0,57450.0,26.41,900.5,8.0,0,0,1,1,0,0,23,0,0,0,2,0,0,4,4,4,0,1,0,1,31,7,39,1,0.0,0.0,9.0,31.0,0.0,12.5,40,2010,389,233,156,36,341,12,258,13,4,29,0,0,14,71,60,236,60,36,12,5,5,0,2,176,132,43,1,0,0,0,0,2007-11,76705,22307,78935,11951,63333,26617,5,4.242424,5,0,,,0.0,0.0,0.0,0.0
25025981502,1,0,0,0,0.0,0.6666666666666666,1910.0,377000.0,160000.0,154280.0,6,2,4.0,4195.0,2026.0,1073.0,49000.0,14.84,2050.5,12.0,4,1,1,0,0,0,1,0,2,4,1,0,0,2,2,2,3,1,1,0,16,1,15,4,3.0,5.0,3.0,0.0,0.0,42.1,19,2010,9,5,4,1,6,2,7,0,0,0,0,0,0,2,2,3,2,1,0,0,1,0,0,1,0,1,0,0,0,0,0,2007-11,0,0,0,0,0,0,0,7.878788,0,0,,,0.0,0.0,0.0,0.0
25025981600,0,0,1,0,0.0,0.2222222222222222,1915.0,472000.0,0.0,377600.0,11,3,5.0,4050.0,3052.0,,,,3050.5,,0,0,0,0,0,0,0,0,0,0,0,0,0,0,0,0,0,0,0,0,1,0,1,0,0.0,1.0,0.0,0.0,0.0,100.0,1,2010,0,0,0,0,0,0,0,0,0,0,0,0,0,0,0,0,0,0,0,0,0,0,0,0,0,0,0,0,0,0,0,2007-11,0,0,0,0,0,0,0,7.878788,0,0,,,0.0,0.0,0.0,0.0
25025981700,0,0,0,0,0.0,0.1428571428571428,1982.0,1387500.0,0.0,0.0,4,2,2.0,1503.5,1482.5,967.5,177250.0,14.305,1450.5,15.0,2,0,6,0,0,0,28,0,1,5,0,0,0,7,6,7,0,0,1,4,67,4,74,2,0.0,0.0,1.0,74.0,0.0,22.4,76,2010,0,0,0,0,0,0,0,0,0,0,0,0,0,0,0,0,0,0,0,0,0,0,0,0,0,0,0,0,0,0,0,2007-11,0,0,0,0,0,0,0,7.878788,0,0,,,0.0,0.0,0.0,0.0
25025981800,1,0,0,0,0.0,0.0,1987.0,450000.0,303000.0,285000.0,5,2,2.0,1478.0,1261.0,912.0,88000.0,21.26,1250.5,15.0,0,0,1,0,0,0,0,0,1,4,0,0,0,7,7,7,0,1,0,0,58,2,61,0,0.0,0.0,0.0,61.0,0.0,24.6,61,2010,82,33,49,7,36,39,71,5,0,3,0,0,0,3,23,46,23,19,2,2,0,0,0,23,18,5,0,0,0,0,0,2007-11,0,0,0,0,0,0,15,9.69697,4,11,,,0.09090909090909091,0.0,0.0,0.0
